uniprot_ac;gene_name;binddegs_fragments;kleiner;west;
Q9NS69;TOMM22;202;;;
P30519;HMOX2;200;yes;yes;
P80303;NUCB2;196;;;
Q99595;TIMM17A;195;;;
P21796;VDAC1;193;yes;yes;
O60830;TIMM17B;192;;yes;
P24390;KDELR1;191;;;
Q9UHG3;PCYOX1;187;;yes;
Q15392;DHCR24;186;;yes;
P45880;VDAC2;183;yes;yes;
Q70HW3;SLC25A26;182;;;
O75153;CLUH;179;;yes;
O43169;CYB5B;178;;;
Q9H2D1;SLC25A32;173;;;
Q8WTV0;SCARB1;171;;yes;
Q567V2;MPV17L2;170;;;
P43307;SSR1;169;;;
P09601;HMOX1;168;;;
P42785;PRCP;168;yes;yes;
Q9Y282;ERGIC3;167;;;
Q5VW38;GPR107;166;;;
Q69YU5;BRAWNIN;165;;;
O43676;NDUFB3;164;;;
O60725;ICMT;164;;;
Q8N511;TMEM199;164;;yes;
P49721;PSMB2;162;;;
P50897;PPT1;162;;yes;
Q14108;SCARB2;162;;yes;
Q9H061;TMEM126A;161;;;
Q9BQE5;APOL2;161;;;
O75844;ZMPSTE24;161;;yes;
Q9HB40;SCPEP1;157;;yes;
Q13505;MTX1;157;;;
O75964;ATP5MG;155;;;
Q9NPH0;ACP6;151;;;
P42892;ECE1;150;yes;yes;
P14406;COX7A2;149;;;
Q99720;SIGMAR1;147;;yes;
Q15629;TRAM1;147;;;
Q96G23;CERS2;146;;;
O00461;GOLIM4;145;;yes;
Q9HD20;ATP13A1;144;;;
Q86XL3;ANKLE2;143;;;
Q8N4H5;TOMM5;142;;;
O95197;RTN3;142;;;
Q9NRY5;FAM114A2;142;;;
O15173;PGRMC2;141;;;
Q16850;CYP51A1;141;;;
Q9UDW1;UQCR10;139;;;
Q96A26;FAM162A;139;;;
Q15165;PON2;138;;;
Q9UBX3;SLC25A10;138;;yes;
Q13126;MTAP;138;;yes;
Q9Y2R0;COA3;137;;yes;
Q9P2W9;STX18;136;;;
O43657;TSPAN6;135;;yes;
P07099;EPHX1;135;;yes;
A6NIH7;UNC119B;134;;;
Q02818;NUCB1;134;;yes;
P07602;PSAP;133;;yes;
Q9HD45;TM9SF3;133;;;
Q9UIQ6;LNPEP;132;;yes;
O60637;TSPAN3;132;;yes;
Q8N4Q0;ZADH2;130;;;
Q14257;RCN2;130;;yes;
O75503;CLN5;130;;;
O14949;UQCRQ;130;;;
Q9UQB8;BAIAP2;128;;;
Q8IV08;PLD3;128;;yes;
Q93050;ATP6V0A1;127;;yes;
P23786;CPT2;127;;;
Q3SXM5;HSDL1;126;;;
P51648;ALDH3A2;126;;;
Q5BJF2;TMEM97;126;;yes;
Q9C0H2;TTYH3;124;;yes;
Q8NCH0;CHST14;124;;yes;
P55786;NPEPPS;122;;yes;
Q9BRR6;ADPGK;121;;;
Q9H1E5;TMX4;120;;;
P67812;SEC11A;120;;;
Q9NQC3;RTN4;120;;yes;
Q9BTX1;NDC1;119;;;
Q8NHP8;PLBD2;118;;yes;
Q9H4I3;TRABD;117;;;
Q13510;ASAH1;117;;yes;
Q9NR77;PXMP2;116;;;
O43772;SLC25A20;116;;yes;
P10619;CTSA;115;;yes;
Q8NCC3;PLA2G15;115;;;
Q9NX00;TMEM160;115;;;
Q9UHX1;PUF60;114;;yes;
Q8TB61;SLC35B2;114;;yes;
Q15800;MSMO1;114;;;
O96005;CLPTM1;114;;yes;
Q9UDX5;MTFP1;113;;;
O14773;TPP1;113;;yes;
Q9H6V9;LDAH;113;;;
P03886;MT-ND1;112;;;
P04062;GBA;112;;yes;
P46379;BAG6;112;;;
P43490;NAMPT;111;;;
Q9UM22;EPDR1;111;;;
Q8WUJ1;CYB5D2;111;;;
Q9Y3D7;PAM16;111;;;
O95470;SGPL1;111;;;
Q15070;OXA1L;111;;;
P33947;KDELR2;111;;;
Q8N0U8;VKORC1L1;110;;;
Q9H3G5;CPVL;109;;;
Q9UMR5;PPT2;109;;;
Q9NUJ1;ABHD10;107;;;
Q9Y680;FKBP7;107;;;
Q9BSK2;SLC25A33;106;;;
Q8WY22;BRI3BP;106;;;
Q9H773;DCTPP1;105;;;
Q13423;NNT;105;;yes;
Q8IXU6;SLC35F2;105;;;
Q06136;KDSR;103;;yes;
Q96CU9;FOXRED1;103;;;
Q8NBX0;SCCPDH;102;;;
Q969T7;NT5C3B;102;;;
O15118;NPC1;102;yes;yes;
Q9H6K4;OPA3;102;;;
Q9NPR9;GPR108;101;;;
P55010;EIF5;101;;yes;
P00374;DHFR;100;;;
Q9Y487;ATP6V0A2;99;;;
Q6UW02;CYP20A1;99;;;
P00846;MT-ATP6;99;;;
Q9Y5M8;SRPRB;98;;;
A8MTT3;CEBPZOS;98;;;
Q8NBN3;TMEM87A;98;;;
P54802;NAGLU;97;;yes;
Q9Y619;SLC25A15;96;;;
Q9NWM8;FKBP14;96;;;
O00264;PGRMC1;95;;yes;
O14925;TIMM23;95;;;
Q96PC5;MIA2;93;;;
O15260;SURF4;93;;yes;
P21964;COMT;93;;;
Q96KA5;CLPTM1L;93;;;
P16278;GLB1;91;;yes;
Q07065;CKAP4;90;;yes;
O95831;AIFM1;90;;yes;
Q9BV86;NTMT1;90;;yes;
O43760;SYNGR2;90;;yes;
Q9Y277;VDAC3;90;;yes;
Q16740;CLPP;89;;;
P08183;ABCB1;88;;yes;
Q9NZ08;ERAP1;88;;;
Q86UE4;MTDH;88;;;
P13073;COX4I1;87;;;
Q8N4V1;MMGT1;87;;;
Q6DKK2;TTC19;86;;;
Q14739;LBR;86;;yes;
Q9BUN8;DERL1;86;;;
Q86Y39;NDUFA11;85;;;
Q8NC54;KCT2;85;;;
P05783;KRT18;84;;;
Q86YN1;DOLPP1;84;;;
P17900;GM2A;83;;;
Q9NX40;OCIAD1;83;;;
Q96N66;MBOAT7;82;;yes;
O43924;PDE6D;82;;;
O60502;OGA;81;;;
O95684;CEP43;81;;;
O95070;YIF1A;81;;;
O43731;KDELR3;80;;;
P38435;GGCX;80;;;
Q96A33;CCDC47;80;;;
Q96A57;TMEM230;80;;;
Q92791;P3H4;78;;;
P08670;VIM;78;;yes;
O43852;CALU;78;;yes;
O60888;CUTA;78;;yes;
O95772;STARD3NL;78;;yes;
Q7LGA3;HS2ST1;77;;;
P53701;HCCS;77;;;
Q6UW68;TMEM205;77;;;
Q9UMX5;NENF;76;;yes;
P11117;ACP2;76;;yes;
P00403;MT-CO2;76;;;
Q9NZ45;CISD1;76;;;
Q96KC8;DNAJC1;76;;;
Q15363;TMED2;74;;yes;
Q8N5M9;JAGN1;74;;;
P37268;FDFT1;73;;;
P30536;TSPO;73;;;
O94919;ENDOD1;73;;;
Q70UQ0;IKBIP;73;;yes;
Q9P0J0;NDUFA13;72;;;
Q8IZA0;KIAA0319L;72;;;
Q9Y6C9;MTCH2;72;;;
P30825;SLC7A1;72;;;
P00813;ADA;71;;;
P22830;FECH;70;;;
Q96LJ7;DHRS1;70;;;
Q16739;UGCG;70;;;
P24539;ATP5PB;69;;;
Q8N2A8;PLD6;69;;;
Q9HCL2;GPAM;69;;;
Q9NZJ7;MTCH1;69;;;
O75935;DCTN3;69;;yes;
Q9BWD1;ACAT2;69;;;
Q96ES6;MFSD3;68;;;
Q9H6D7;HAUS4;68;;;
Q9UBU6;FAM8A1;67;;;
Q9NQZ5;STARD7;67;;;
Q8TCT9;HM13;67;;yes;
Q6P4A7;SFXN4;66;;;
Q9HC07;TMEM165;66;;;
Q9Y584;TIMM22;65;;;
P57105;SYNJ2BP;65;;;
P16615;ATP2A2;65;;yes;
O95202;LETM1;65;;;
Q9H3K2;GHITM;65;;;
P35790;CHKA;65;;;
Q9NQX7;ITM2C;64;;yes;
Q8WVC6;DCAKD;64;;;
Q10472;GALNT1;64;;yes;
Q14849;STARD3;63;;;
P28072;PSMB6;63;;yes;
Q10713;PMPCA;63;;;
O60499;STX10;63;;;
Q8IXH7;NELFCD;62;;;
O75071;EFCAB14;62;;;
Q99733;NAP1L4;62;;yes;
P16435;POR;62;;;
P06865;HEXA;62;;yes;
Q9Y6M9;NDUFB9;62;;;
Q01105;SET;62;;;
P42167;TMPO;61;;;
Q5XKP0;MICOS13;61;;;
Q96CP7;TLCD1;61;;;
O15127;SCAMP2;60;;;
Q14534;SQLE;60;;;
P46977;STT3A;60;;yes;
Q9NR28;DIABLO;60;;;
Q6NVV3;NIPAL1;60;;;
P10253;GAA;59;;yes;
Q969Q5;RAB24;59;;;
P41208;CETN2;58;;;
Q53GQ0;HSD17B12;58;;;
P06280;GLA;58;;;
O95249;GOSR1;58;;;
P27544;CERS1;57;;;
Q9BQT8;SLC25A21;57;;;
Q9H7Z7;PTGES2;57;;;
Q4ZIN3;TMEM259;57;;;
Q9UBV2;SEL1L;57;;;
Q9BT22;ALG1;57;;;
Q13641;TPBG;57;;yes;
P35613;BSG;56;;yes;
Q8IXM6;NRM;56;;;
Q8NB78;KDM1B;56;;;
Q92804;TAF15;56;;;
Q9Y3B3;TMED7;56;;;
Q8NHH9;ATL2;56;;;
Q9BTY2;FUCA2;55;;yes;
P17405;SMPD1;55;;yes;
P05067;APP;54;;yes;
O00400;SLC33A1;54;;;
O94927;HAUS5;54;;;
P27105;STOM;53;;yes;
Q9BUR5;APOO;53;;;
P28070;PSMB4;52;;;
O75298;RTN2;52;;;
Q8TCT8;SPPL2A;52;;;
Q9BRK5;SDF4;51;;yes;
Q9H2V7;SPNS1;51;;;
O43505;B4GAT1;51;;;
Q9UG56;PISD;51;;;
P50402;EMD;51;;;
Q7Z7H8;MRPL10;50;;;
P35637;FUS;50;;;
Q8N128;FAM177A1;50;;;
O75381;PEX14;50;;;
Q9H3N1;TMX1;50;;yes;
Q14566;MCM6;50;;;
Q96SK2;TMEM209;50;;;
P55209;NAP1L1;49;;yes;
P15586;GNS;49;;yes;
Q92896;GLG1;49;;yes;
Q96RQ1;ERGIC2;49;;;
Q7KZN9;COX15;49;;;
Q9UKU0;ACSL6;48;;;
Q9UQ84;EXO1;47;;;
O14979;HNRNPDL;47;;;
P40855;PEX19;47;;;
Q15067;ACOX1;47;;;
Q8TAD4;SLC30A5;46;;;
Q13432;UNC119;46;;;
Q8N8L6;ARL10;46;;;
P48735;IDH2;45;;;
Q9BXK5;BCL2L13;45;;;
P31942;HNRNPH3;45;;;
O43805;SSNA1;45;;;
P98179;RBM3;45;;;
Q92564;DCUN1D4;44;;;
Q5JRX3;PITRM1;44;;;
Q5T9L3;WLS;44;;;
Q8TAA9;VANGL1;44;;;
Q9H4A6;GOLPH3;44;;;
Q08722;CD47;44;;;
Q9NZ01;TECR;44;;;
O15254;ACOX3;44;;yes;
Q86UY6;NAA40;43;;;
Q8NF37;LPCAT1;43;;;
Q9NVI7;ATAD3A;43;;;
Q15005;SPCS2;43;;;
Q8NBM8;PCYOX1L;43;;;
O96000;NDUFB10;43;;yes;
Q92520;FAM3C;43;;;
P51790;CLCN3;43;;;
Q15041;ARL6IP1;43;;;
Q9BWH2;FUNDC2;43;;;
O14737;PDCD5;42;;;
Q8TBA6;GOLGA5;42;;;
Q5R3I4;TTC38;42;;;
Q7L0J3;SV2A;42;;yes;
O15269;SPTLC1;42;;;
Q9NUQ9;CYRIB;42;;yes;
Q7Z7F7;MRPL55;42;;;
Q08380;LGALS3BP;41;;yes;
Q9Y4P3;TBL2;41;;;
P22695;UQCRC2;41;;;
Q9P035;HACD3;41;;;
O60831;PRAF2;41;;yes;
Q8NBT2;SPC24;41;;;
Q96H78;SLC25A44;41;;;
Q9BXS4;TMEM59;41;;;
P52789;HK2;41;;;
O75880;SCO1;41;;;
O95302;FKBP9;41;;;
Q9Y5J9;TIMM8B;40;;;
P12235;SLC25A4;40;;;
Q15125;EBP;40;;;
Q9NPA0;EMC7;40;;;
Q5SNT2;TMEM201;40;;;
Q8WWV3;RTN4IP1;40;;;
P21912;SDHB;40;;;
Q14011;CIRBP;40;;;
Q9Y6I9;TEX264;40;;;
Q9H1Z9;TSPAN10;40;;yes;
Q9H7B4;SMYD3;39;;;
Q03518;TAP1;39;;;
P55263;ADK;39;;;
P62942;FKBP1A;39;;;
Q9HC21;SLC25A19;39;;;
L0R6Q1;SLC35A4;39;;;
O75431;MTX2;39;;;
Q9Y287;ITM2B;38;;yes;
P57088;TMEM33;38;;;
Q8NBN7;RDH13;38;;;
Q6ZT21;TMPPE;38;;;
Q8NCG7;DAGLB;38;;;
Q9NUG6;PDRG1;38;;;
O75718;CRTAP;37;;yes;
P53985;SLC16A1;37;;yes;
P13674;P4HA1;37;;;
P12236;SLC25A6;37;;;
P09960;LTA4H;37;;;
Q7RTS9;DYM;37;;;
Q8N8Q8;COX18;37;;;
P62072;TIMM10;37;;;
Q8N4A0;GALNT4;36;;;
Q9HC38;GLOD4;36;;;
Q8WVI0;SMIM4;36;;;
O60313;OPA1;36;;;
Q03164;KMT2A;36;;;
Q99805;TM9SF2;36;;yes;
Q9H6H4;REEP4;36;;;
P07196;NEFL;36;;;
Q32P28;P3H1;35;;yes;
A1L0T0;ILVBL;35;;;
P11279;LAMP1;35;;yes;
Q12981;BNIP1;35;;;
O75845;SC5D;35;;;
O00584;RNASET2;35;;yes;
O43493;TGOLN2;35;;yes;
P13473;LAMP2;34;;;
Q5KU26;COLEC12;34;;;
Q92542;NCSTN;34;;yes;
O76024;WFS1;34;;;
P48723;HSPA13;34;;;
Q96JJ7;TMX3;34;;;
Q6NUK1;SLC25A24;34;;;
Q9H2C2;ARV1;34;;;
O00116;AGPS;34;;;
Q8NEW0;SLC30A7;33;;;
P14174;MIF;33;;;
Q15388;TOMM20;33;;;
O00165;HAX1;33;;;
Q15904;ATP6AP1;33;;;
Q4J6C6;PREPL;33;;;
O75306;NDUFS2;33;;;
Q7Z3D4;LYSMD3;33;;;
Q9NPL8;TIMMDC1;33;;;
Q9NUD5;ZCCHC3;33;;;
Q96GC9;VMP1;32;;;
Q9Y512;SAMM50;32;;;
P84157;MXRA7;32;;;
Q6NUK4;REEP3;32;;;
Q9NUQ2;AGPAT5;32;;;
Q13011;ECH1;32;yes;yes;
Q9BT78;COPS4;32;;;
Q9Y2W6;TDRKH;31;;;
Q6NT16;SLC18B1;31;;;
P51572;BCAP31;31;;yes;
Q8IXJ6;SIRT2;31;;;
Q7Z2H8;SLC36A1;31;;;
Q969V3;NCLN;31;;;
O43752;STX6;31;;;
Q9BTE7;DCUN1D5;30;;;
O43292;GPAA1;30;;;
P08236;GUSB;30;;;
Q8N2H4;SYS1;30;;;
P04066;FUCA1;30;;;
Q6UXV4;APOOL;30;;;
Q7Z6M1;RABEPK;30;;;
Q9BU89;DOHH;30;;;
O75027;ABCB7;30;;;
Q9NX62;BPNT2;30;;yes;
P52597;HNRNPF;30;;;
P07197;NEFM;29;;;
P31943;HNRNPH1;29;;;
P51798;CLCN7;29;;;
P78417;GSTO1;29;;;
P49755;TMED10;29;;yes;
P56385;ATP5ME;29;;;
Q8IUX1;TMEM126B;29;;;
Q9H2J7;SLC6A15;29;;;
Q07820;MCL1;29;;;
P61916;NPC2;29;;yes;
Q9HBU6;ETNK1;29;;;
O15217;GSTA4;28;;;
Q99623;PHB2;28;;;
P55795;HNRNPH2;28;;;
Q96PU5;NEDD4L;28;;;
Q9Y248;GINS2;28;;;
Q96CN7;ISOC1;28;;;
O43681;GET3;28;;;
Q16799;RTN1;28;;;
Q00765;REEP5;28;;;
O43808;SLC25A17;28;;;
O43615;TIMM44;28;;;
Q9Y5Y5;PEX16;28;;;
Q96AY3;FKBP10;27;;;
O75874;IDH1;27;;;
P55899;FCGRT;27;;;
P82933;MRPS9;27;;;
Q8IYS2;KIAA2013;27;;;
P26368;U2AF2;27;;;
P50416;CPT1A;27;;;
P02786;TFRC;27;;yes;
Q96EX1;SMIM12;27;;;
Q9Y241;HIGD1A;27;;;
Q96AG4;LRRC59;27;;;
P05023;ATP1A1;27;;yes;
Q96HY6;DDRGK1;27;;;
Q15418;RPS6KA1;27;;;
P49356;FNTB;27;;;
P31751;AKT2;27;;;
O95433;AHSA1;27;;;
Q9BPZ3;PAIP2;27;;;
P28074;PSMB5;27;;;
P35670;ATP7B;27;;;
Q9H9P8;L2HGDH;27;;;
P06576;ATP5F1B;26;;;
Q9NVH6;TMLHE;26;;;
Q15907;RAB11B;26;;;
Q8TAE8;GADD45GIP1;26;;;
Q7Z2K6;ERMP1;26;;;
Q5H8A4;PIGG;26;;;
Q6NUQ4;TMEM214;26;;;
Q13190;STX5;26;;;
Q6NTF9;RHBDD2;26;;;
Q9H490;PIGU;26;;;
Q9BQG2;NUDT12;26;;;
Q8IUH4;ZDHHC13;26;;;
Q14168;MPP2;26;;;
Q16836;HADH;25;;;
Q15043;SLC39A14;25;;;
P51812;RPS6KA3;25;;;
Q7Z4Q2;HEATR3;25;;;
Q9H4I9;SMDT1;25;;;
Q9BV10;ALG12;25;;;
Q9Y3E0;GOLT1B;25;;;
P51571;SSR4;25;;;
Q9H330;TMEM245;25;;;
Q6NUQ1;RINT1;25;;;
Q96QD8;SLC38A2;25;;yes;
Q8IYU8;MICU2;25;;;
P40939;HADHA;25;;;
Q16352;INA;24;;yes;
Q14914;PTGR1;24;;;
Q86WK9;PAQR7;24;;;
Q9NRV9;HEBP1;24;;;
Q9NQE9;HINT3;24;;;
Q9NR31;SAR1A;24;;;
P0DP25;CALM3;24;;;
Q9Y320;TMX2;24;;;
P67809;YBX1;24;;;
P41440;SLC19A1;24;;yes;
O00625;PIR;24;;;
Q8TD16;BICD2;23;;;
Q9UH99;SUN2;23;;;
Q96DY7;MTBP;23;;;
Q9BS16;CENPK;23;;;
O43819;SCO2;23;;;
P35269;GTF2F1;23;;;
P30837;ALDH1B1;23;yes;yes;
Q8TED1;GPX8;23;;;
P07858;CTSB;23;;yes;
Q9NW15;ANO10;23;;;
Q96J42;TXNDC15;23;;;
O15121;DEGS1;23;;;
Q9GZP9;DERL2;23;;;
Q6NUM9;RETSAT;22;;;
Q5T9A4;ATAD3B;22;;;
P48449;LSS;22;;;
Q96CS2;HAUS1;22;;;
Q08J23;NSUN2;22;;;
Q9BY49;PECR;22;;;
P52292;KPNA2;22;;yes;
Q16891;IMMT;22;;yes;
Q9HDC9;APMAP;22;;yes;
Q96GQ5;RUSF1;22;;;
Q6KCM7;SLC25A25;22;;;
Q5VV42;CDKAL1;22;;;
Q99797;MIPEP;22;;;
Q9Y5J7;TIMM9;22;;;
P27824;CANX;21;;yes;
Q5BJH7;YIF1B;21;;;
P04035;HMGCR;21;;;
Q8IWA4;MFN1;21;;;
O15258;RER1;21;;;
O95674;CDS2;21;;;
Q9UBM7;DHCR7;21;;yes;
Q15012;LAPTM4A;21;;yes;
Q9P0U1;TOMM7;21;;;
Q9NU23;LYRM2;21;;;
O14657;TOR1B;21;;yes;
P20618;PSMB1;21;;;
Q99523;SORT1;20;;;
P30086;PEBP1;20;;;
P35610;SOAT1;20;;;
Q96K76;USP47;20;;;
Q01844;EWSR1;20;;;
Q9NTK5;OLA1;20;;yes;
P07437;TUBB;20;;;
Q9BPX6;MICU1;20;yes;;
Q2TAA5;ALG11;20;;;
Q8TEX9;IPO4;20;;yes;
Q9UBK9;UXT;20;;;
Q8NI60;COQ8A;20;;;
Q96S66;CLCC1;20;;;
P53582;METAP1;20;;;
Q9H7E9;C8orf33;20;;;
O75208;COQ9;20;;;
O00754;MAN2B1;19;;;
O76062;TM7SF2;19;;;
O15212;PFDN6;19;;;
P46934;NEDD4;19;;;
Q4KMQ2;ANO6;19;;;
O60506;SYNCRIP;19;;;
Q6ZXV5;TMTC3;19;;;
P10321;HLA-C;19;;;
O60858;TRIM13;19;;;
Q6P179;ERAP2;19;;;
O60443;GSDME;19;;yes;
Q16880;UGT8;19;;;
Q8NE01;CNNM3;19;;;
O15400;STX7;19;;;
P11717;IGF2R;19;;yes;
Q8N8N7;PTGR2;19;;;
Q5HYI8;RABL3;19;;;
Q9Y3A6;TMED5;19;;;
Q9BU23;LMF2;19;;;
P53634;CTSC;19;;;
O75976;CPD;19;;yes;
Q86VD7;SLC25A42;19;;;
P33991;MCM4;19;;;
Q8NFH4;NUP37;19;;;
Q9NSD9;FARSB;19;;;
O00231;PSMD11;19;;yes;
Q8NHS3;MFSD8;19;;;
Q9Y6J9;TAF6L;18;;;
Q92973;TNPO1;18;;yes;
Q9Y6M7;SLC4A7;18;;;
Q9UJ14;GGT7;18;;;
Q06481;APLP2;18;;yes;
Q99640;PKMYT1;18;;;
Q9Y371;SH3GLB1;18;;;
P98194;ATP2C1;18;;;
Q53H12;AGK;18;;;
P38159;RBMX;18;;;
P49257;LMAN1;18;;yes;
Q9UIJ7;AK3;18;;;
Q9UI14;RABAC1;18;;;
Q9NX63;CHCHD3;18;;;
Q86UT6;NLRX1;18;;;
P09493;TPM1;17;;yes;
P02545;LMNA;17;;;
O60476;MAN1A2;17;;;
Q9HA64;FN3KRP;17;;;
Q96RL7;VPS13A;17;;;
O00767;SCD;17;;;
P61026;RAB10;17;;yes;
Q9P0S9;TMEM14C;17;;;
Q86U38;NOP9;17;;;
Q9BVA1;TUBB2B;17;;;
Q6QHF9;PAOX;17;;;
Q6Y1H2;HACD2;17;;;
Q9UBS8;RNF14;17;;yes;
Q68CQ7;GLT8D1;17;;;
Q9H2J4;PDCL3;17;;;
Q96AA3;RFT1;17;;;
Q96ED9;HOOK2;17;;;
Q16134;ETFDH;17;;;
Q99538;LGMN;17;;;
Q9UBG0;MRC2;17;;yes;
Q9GZM5;YIPF3;17;;;
Q8NBZ7;UXS1;17;;;
Q5T1Q4;SLC35F1;17;;;
Q8NAN2;MIGA1;16;;;
Q6PGP7;TTC37;16;;yes;
Q71SY5;MED25;16;;;
Q9Y4G8;RAPGEF2;16;;;
Q99735;MGST2;16;;;
Q9BUK6;MSTO1;16;;;
Q9UJS0;SLC25A13;16;;;
P05141;SLC25A5;16;;;
Q92604;LPGAT1;16;;;
Q9UHB9;SRP68;16;;;
Q14728;MFSD10;16;;;
Q9HBM0;VEZT;16;;;
O14548;COX7A2L;16;;;
Q8WWC4;MAIP1;16;;;
Q9H300;PARL;16;;;
O94901;SUN1;16;;;
Q9BVG9;PTDSS2;16;;;
Q99536;VAT1;16;;;
Q92820;GGH;16;;;
P56378;ATP5MJ;16;;;
Q96B96;LDAF1;16;;;
Q9NRA0;SPHK2;16;;;
Q9Y394;DHRS7;16;;;
P09455;RBP1;16;;;
Q8N6G5;CSGALNACT2;16;;;
Q16204;CCDC6;16;;;
P33527;ABCC1;16;;;
O96028;NSD2;16;;;
P52888;THOP1;16;;;
Q9UL46;PSME2;16;;;
Q96FZ2;HMCES;15;;;
Q9UJW0;DCTN4;15;;;
Q6P2P2;PRMT9;15;;;
Q92643;PIGK;15;;;
O95628;CNOT4;15;;;
Q8WVQ1;CANT1;15;;;
Q9NRG7;SDR39U1;15;;;
P49748;ACADVL;15;;;
P49069;CAMLG;15;;;
O14681;EI24;15;;;
Q96NB2;SFXN2;15;;;
Q92733;PRCC;15;;;
Q6ZRP7;QSOX2;15;;;
P07686;HEXB;15;;yes;
O95139;NDUFB6;15;;;
P20674;COX5A;15;;;
P39210;MPV17;15;;;
Q96C01;FAM136A;15;;;
P61289;PSME3;15;;;
P49354;FNTA;15;;;
P11310;ACADM;15;;;
Q06520;SULT2A1;14;;;
P04083;ANXA1;14;;;
P55327;TPD52;14;;;
P04439;HLA-A;14;;;
Q9BRK0;REEP2;14;;;
Q6P4Q7;CNNM4;14;;;
P48651;PTDSS1;14;;;
Q9H0U3;MAGT1;14;;;
Q8N2F6;ARMC10;14;;;
Q9NTJ5;SACM1L;14;;;
Q16625;OCLN;14;;;
Q5HYI7;MTX3;14;;;
P04350;TUBB4A;14;;;
P68371;TUBB4B;14;;;
Q9BZF3;OSBPL6;14;;;
O75438;NDUFB1;14;;;
Q9Y6K0;CEPT1;14;;;
Q7Z4L5;TTC21B;14;;;
Q8N2K0;ABHD12;14;;;
P50748;KNTC1;14;;;
Q9P253;VPS18;14;;;
Q9Y3B8;REXO2;14;;;
Q9BVG4;PBDC1;14;;;
P16930;FAH;14;;;
Q8NFH5;NUP35;14;;;
Q969X5;ERGIC1;14;;;
Q8TB36;GDAP1;14;;;
P49915;GMPS;14;;;
Q9BRV3;SLC50A1;14;;;
Q9P0S2;COX16;14;;;
O95905;ECD;14;;;
P51114;FXR1;13;;;
P67936;TPM4;13;;yes;
Q15631;TSN;13;;;
Q03519;TAP2;13;;;
O00560;SDCBP;13;;yes;
P98175;RBM10;13;;;
O95881;TXNDC12;13;;;
P51797;CLCN6;13;;;
O15460;P4HA2;13;;;
Q13885;TUBB2A;13;;;
P20020;ATP2B1;13;;;
Q9BUB7;TMEM70;13;;;
P14324;FDPS;13;;;
Q9BVC6;TMEM109;13;;yes;
P36551;CPOX;13;;;
Q9NZC3;GDE1;13;;;
Q9Y3B1;PRELID3B;13;;;
Q9NWW5;CLN6;13;;;
O43396;TXNL1;13;;yes;
A0AVF1;TTC26;13;;;
O14653;GOSR2;13;;;
Q9NQ50;MRPL40;13;;;
Q92543;SNX19;13;;;
Q13561;DCTN2;13;;;
Q6UXD5;SEZ6L2;13;;yes;
Q14574;DSC3;13;;;
Q96FW1;OTUB1;13;;;
Q7Z3C6;ATG9A;13;;;
Q9H3H5;DPAGT1;13;;;
O96008;TOMM40;13;;yes;
P26885;FKBP2;13;;;
Q96E52;OMA1;13;;;
Q7Z4V5;HDGFL2;13;;;
P12956;XRCC6;13;;yes;
O43847;NRDC;13;;yes;
P22626;HNRNPA2B1;13;;;
A4D1U4;DENND11;13;;;
Q9HD47;RANGRF;12;;;
Q9Y262;EIF3L;12;;;
Q99729;HNRNPAB;12;;;
Q8TBX8;PIP4K2C;12;;;
Q9H857;NT5DC2;12;;;
Q9Y2G8;DNAJC16;12;;;
Q9Y255;PRELID1;12;;;
P07237;P4HB;12;;yes;
Q96JJ3;ELMO2;12;;;
O94788;ALDH1A2;12;;;
Q96IX5;ATP5MK;12;;;
Q99442;SEC62;12;;;
Q9H0U4;RAB1B;12;;;
Q7L5N1;COPS6;12;;;
Q92859;NEO1;12;;;
Q96B49;TOMM6;12;;;
Q9BW91;NUDT9;12;;;
Q9Y5Z9;UBIAD1;12;;;
O75787;ATP6AP2;12;;;
P53611;RABGGTB;12;;;
Q3ZCQ8;TIMM50;12;;;
Q9BSR8;YIPF4;12;;;
P20645;M6PR;12;;yes;
Q9NR50;EIF2B3;12;;;
P62820;RAB1A;12;;;
O60220;TIMM8A;12;;;
Q9HB71;CACYBP;12;;yes;
O95168;NDUFB4;12;;;
Q2T9J0;TYSND1;12;;;
Q8NFQ8;TOR1AIP2;11;;;
Q9BSH5;HDHD3;11;;;
Q92544;TM9SF4;11;;;
Q9NP80;PNPLA8;11;;;
Q5TFE4;NT5DC1;11;;;
Q9BYT8;NLN;11;;;
Q13555;CAMK2G;11;;;
Q9Y3D6;FIS1;11;;;
Q9BVK6;TMED9;11;;;
Q96P70;IPO9;11;;;
Q96L58;B3GALT6;11;;;
Q96RU2;USP28;11;;;
P38571;LIPA;11;;yes;
Q9BUF5;TUBB6;11;;;
P40616;ARL1;11;;;
Q96F63;CCDC97;11;;;
P10644;PRKAR1A;11;;;
Q96D53;COQ8B;11;;;
O94813;SLIT2;11;;;
Q05086;UBE3A;11;;;
Q96AQ8;MCUR1;11;;;
Q93062;RBPMS;11;;;
Q96HA9;PEX11G;11;;;
P19474;TRIM21;11;;;
O43390;HNRNPR;10;;;
Q16543;CDC37;10;;;
Q8IWB1;ITPRIP;10;;;
Q9Y6N5;SQOR;10;;;
O75955;FLOT1;10;;;
P34913;EPHX2;10;;;
O95864;FADS2;10;;yes;
Q9NRN7;AASDHPPT;10;;;
Q53FT3;HIKESHI;10;;;
O95563;MPC2;10;;;
Q9UM00;TMCO1;10;;;
Q8IZ81;ELMOD2;10;;;
Q96TC7;RMDN3;10;;;
O43865;AHCYL1;10;;;
Q9Y263;PLAA;10;;;
P30154;PPP2R1B;10;;;
P22466;GAL;10;;;
O14874;BCKDK;10;;;
P08195;SLC3A2;10;;;
Q12834;CDC20;10;;;
O43674;NDUFB5;10;;;
Q9NW68;BSDC1;10;;;
Q9H9S5;FKRP;10;;;
P60900;PSMA6;10;;;
P03891;MT-ND2;10;;;
Q9BV57;ADI1;10;;;
Q8N1F7;NUP93;10;;;
P54725;RAD23A;10;;;
Q9NZW5;PALS2;10;;;
Q9NWZ8;GEMIN8;10;;;
O43175;PHGDH;10;;;
Q6UX53;METTL7B;10;;;
Q9NVH1;DNAJC11;10;;;
Q5T8D3;ACBD5;10;;;
Q16637;"SMN1; SMN2";10;;;
Q6PI78;TMEM65;10;;;
Q4VCS5;AMOT;10;;;
O75525;KHDRBS3;10;;;
Q6P1A2;LPCAT3;10;;yes;
Q9UMS0;NFU1;10;;;
Q96JB2;COG3;10;;;
P14649;MYL6B;10;;;
Q9NSK0;KLC4;10;;;
P61457;PCBD1;10;;;
O75192;PEX11A;10;;;
P54105;CLNS1A;10;;;
Q8NAT1;POMGNT2;9;;;
Q9NWS8;RMND1;9;;;
Q03252;LMNB2;9;;;
P20700;LMNB1;9;;;
Q6ZU35;CRACD;9;;;
Q8N6S5;ARL6IP6;9;;;
O95456;PSMG1;9;;;
Q15293;RCN1;9;;yes;
Q9GZY8;MFF;9;;;
Q9BRJ2;MRPL45;9;;;
Q8NBQ5;HSD17B11;9;;;
Q99808;SLC29A1;9;;;
P11166;SLC2A1;9;;;
Q86VR2;RETREG3;9;;;
Q6PIU2;NCEH1;9;;;
Q9Y2B2;PIGL;9;;;
P53367;ARFIP1;9;;;
Q15437;SEC23B;9;;;
O95169;NDUFB8;9;;;
O14735;CDIPT;9;;;
Q9Y639;NPTN;9;;;
O95167;NDUFA3;9;;;
Q7Z5K2;WAPL;9;;;
Q96RD7;PANX1;9;;;
P62310;LSM3;9;;;
O75934;BCAS2;9;;;
Q9UHQ4;BCAP29;9;;;
Q9UHV9;PFDN2;9;;;
P49366;DHPS;9;;;
Q11206;ST3GAL4;9;;;
Q9H1A3;METTL9;9;;;
P43304;GPD2;9;;;
P23634;ATP2B4;9;;yes;
Q9H0B6;KLC2;9;;;
Q15382;RHEB;9;;;
Q8TCD1;C18orf32;9;;;
Q96L92;SNX27;9;;;
Q07954;LRP1;9;;yes;
Q9NPJ6;MED4;9;;;
Q9HCC0;MCCC2;9;;;
P78382;SLC35A1;9;;;
Q02252;ALDH6A1;9;;;
Q96EY8;MMAB;9;;;
Q96DE5;ANAPC16;9;;;
O75629;CREG1;9;;;
O00462;MANBA;9;;;
Q96BR5;COA7;9;;;
Q9HCE1;MOV10;9;;;
Q9Y5X3;SNX5;9;;;
Q7Z434;MAVS;9;;;
Q96DG6;CMBL;8;;;
Q9UEE9;CFDP1;8;;;
Q99584;S100A13;8;;;
Q86V85;GPR180;8;;;
P30511;HLA-F;8;;;
Q9UHD9;UBQLN2;8;;;
Q9BRX8;PRXL2A;8;;;
O75915;ARL6IP5;8;;;
Q9Y6B6;SAR1B;8;;;
P49321;NASP;8;;;
Q86Y07;VRK2;8;;;
Q9BTU6;PI4K2A;8;;;
O95619;YEATS4;8;;;
Q8NCS4;TMEM35B;8;;;
Q69YL0;NCBP2AS2;8;;yes;
Q96I36;COX14;8;;;
Q9NUN5;LMBRD1;8;;;
P46783;RPS10;8;;;
Q9NZD2;GLTP;8;;;
Q8NDZ4;DIPK2A;8;;;
Q9BZG1;RAB34;8;;;
Q14012;CAMK1;8;;;
Q8WUK0;PTPMT1;8;;;
Q9BZD4;NUF2;8;;;
Q99436;PSMB7;8;;yes;
Q8WXF1;PSPC1;8;;;
O43464;HTRA2;8;;;
P53365;ARFIP2;8;;yes;
O95298;NDUFC2;8;;;
O15228;GNPAT;8;;;
Q9UNS2;COPS3;8;;;
Q7RTV0;PHF5A;8;;;
Q9Y5J6;TIMM10B;8;;;
Q15118;PDK1;8;;;
Q7LG56;RRM2B;8;;;
Q8NEY8;PPHLN1;8;;;
O95373;IPO7;8;;yes;
Q13084;MRPL28;8;;;
P49720;PSMB3;8;;;
Q8NC44;RETREG2;8;;;
P01130;LDLR;8;;;
Q9UJX3;ANAPC7;8;;;
P04920;SLC4A2;8;;;
Q7L592;NDUFAF7;8;;;
Q9BW92;TARS2;8;;;
Q06203;PPAT;8;;;
P31350;RRM2;8;;;
Q9BWJ5;SF3B5;8;;;
Q9HBM1;SPC25;8;;;
O15027;SEC16A;8;;;
Q66K14;TBC1D9B;8;;;
Q96D71;REPS1;8;;;
O60749;SNX2;8;;;
Q15006;EMC2;8;;;
P56589;PEX3;8;;;
Q9Y291;MRPS33;7;;;
P16949;STMN1;7;;;
P14927;UQCRB;7;;;
Q99417;MYCBP;7;;;
Q8N183;NDUFAF2;7;;;
O95391;SLU7;7;;;
O60512;B4GALT3;7;;;
P52294;KPNA1;7;;;
P49902;NT5C2;7;;;
O00411;POLRMT;7;;;
P05091;ALDH2;7;;;
P56282;POLE2;7;;;
Q8NBJ7;SUMF2;7;;;
Q16537;PPP2R5E;7;;;
Q02978;SLC25A11;7;;;
P78318;IGBP1;7;;;
Q13438;OS9;7;;;
P30533;LRPAP1;7;;yes;
Q9NSE4;IARS2;7;;;
Q8NEB9;PIK3C3;7;;;
O14828;SCAMP3;7;;;
Q9H2W6;MRPL46;7;;;
Q8IY17;PNPLA6;7;;;
O75477;ERLIN1;7;;;
P61020;RAB5B;7;;;
Q99627;COPS8;7;;;
Q13395;TARBP1;7;;;
Q969V5;MUL1;7;;;
Q9NX47;MARCHF5;7;;;
Q8N1S5;SLC39A11;7;;;
Q6PK18;OGFOD3;7;;;
O43399;TPD52L2;7;;;
Q92600;CNOT9;7;;;
P25787;PSMA2;7;;;
P01889;HLA-B;7;;;
Q9BW61;DDA1;7;;;
Q9NQ11;ATP13A2;7;;;
P36896;ACVR1B;7;;;
Q8NBJ4;GOLM1;7;;;
Q8TCJ2;STT3B;7;;;
Q9HBH5;RDH14;7;;yes;
Q9NX14;NDUFB11;7;;;
Q9H9B4;SFXN1;7;;;
Q14498;RBM39;7;;;
Q96RS0;TGS1;7;;;
Q6YN16;HSDL2;7;;;
Q86WC4;OSTM1;7;;;
Q9NRX6;TMEM167B;7;;;
Q9Y5P4;CERT1;7;;;
Q765P7;MTSS2;7;;;
Q86SQ9;DHDDS;7;;;
Q96EX3;DYNC2I2;7;;;
Q68CZ6;HAUS3;7;;;
Q6PML9;SLC30A9;7;;;
Q9UJX2;CDC23;7;;;
O75569;PRKRA;7;;;
Q5BKZ1;ZNF326;7;;;
Q9GZS3;WDR61;7;;;
Q15120;PDK3;7;;;
Q96PK6;RBM14;7;;;
P15260;IFNGR1;7;;;
Q01459;CTBS;7;;;
O00592;PODXL;7;;yes;
Q15375;EPHA7;7;;;
O43683;BUB1;7;;;
P49840;GSK3A;7;;;
P0DN79;P0DN79;7;;yes;
P61978;HNRNPK;7;;;
Q15555;MAPRE2;7;;;
P09622;DLD;7;;yes;
Q9C0E2;XPO4;7;;;
Q9UBW8;COPS7A;7;;;
Q9NRG0;CHRAC1;7;;;
Q12846;STX4;7;;;
O43815;STRN;7;;;
P42166;TMPO;7;;;
P31749;AKT1;7;;;
Q96D46;NMD3;7;;;
Q9Y6X3;MAU2;6;;;
O60869;EDF1;6;;;
O75448;MED24;6;;;
Q96SY0;INTS14;6;;;
Q9UMX0;UBQLN1;6;;;
O75340;PDCD6;6;;;
Q9NX61;TMEM161A;6;;;
Q6UWP7;LCLAT1;6;;;
Q02790;FKBP4;6;;;
Q9NQH7;XPNPEP3;6;;;
Q9P0J1;PDP1;6;;;
Q3ZAQ7;VMA21;6;;;
P51784;USP11;6;;;
Q00169;PITPNA;6;;;
Q96BQ5;CCDC127;6;;;
Q86X55;CARM1;6;;;
Q8IW92;GLB1L2;6;;;
Q9UNF0;PACSIN2;6;;;
Q9UPU5;USP24;6;;yes;
Q9NPF0;CD320;6;;;
P46976;GYG1;6;;;
P48681;NES;6;;yes;
P03915;MT-ND5;6;;;
P63218;GNG5;6;;;
Q96BY9;SARAF;6;;;
Q9Y375;NDUFAF1;6;;;
Q8N0X7;SPART;6;;;
Q96JX3;SERAC1;6;;;
Q5J8M3;EMC4;6;;;
O14880;MGST3;6;;;
O75396;SEC22B;6;;yes;
Q13045;FLII;6;;yes;
P52756;RBM5;6;;;
O15397;IPO8;6;;;
O15031;PLXNB2;6;;yes;
Q9UID3;VPS51;6;;;
Q9NWR8;MCUB;6;;;
Q08431;MFGE8;6;;;
Q13277;STX3;6;;;
Q96M27;PRRC1;6;;;
Q12768;WASHC5;6;;;
O94905;ERLIN2;6;;;
Q9UNK0;STX8;6;;;
Q8WUX9;CHMP7;6;;;
Q86YV9;HPS6;6;;;
Q6PJG6;BRAT1;6;;;
Q9NRB3;CHST12;6;;;
Q9UBB4;ATXN10;6;;yes;
P60228;EIF3E;6;;;
Q96EK5;KIFBP;6;;;
O14786;NRP1;6;;;
Q9BY67;CADM1;6;;;
O43823;AKAP8;6;;;
Q9NZN8;CNOT2;6;;;
Q9Y679;AUP1;6;;;
P08243;ASNS;6;;;
P61962;DCAF7;6;;;
P19021;PAM;6;;;
P98164;LRP2;6;;;
P46108;CRK;6;;;
Q9NR33;POLE4;6;;;
Q96KP1;EXOC2;6;;;
P16260;SLC25A16;6;;;
O95182;NDUFA7;6;;;
Q9UFG5;C19orf25;6;;;
Q5VZE5;NAA35;6;;;
Q05D32;CTDSPL2;6;;;
Q96ND0;FAM210A;6;;;
Q15526;SURF1;6;;;
P63096;GNAI1;6;;;
Q6UN15;FIP1L1;6;;;
Q969E2;SCAMP4;6;;;
P62995;TRA2B;6;;;
Q92783;STAM;6;;;
Q99643;SDHC;6;;;
Q8IZ69;TRMT2A;6;;;
Q8NBI6;XXYLT1;6;;;
P33908;MAN1A1;6;;;
Q9BRT9;GINS4;5;;;
O75937;DNAJC8;5;;;
Q9BQ95;ECSIT;5;;;
P51116;FXR2;5;;;
Q9Y5L4;TIMM13;5;;;
Q14103;HNRNPD;5;;;
Q7Z478;DHX29;5;;;
B1AJZ9;FHAD1;5;;;
Q9UGN5;PARP2;5;;;
Q9BWS9;CHID1;5;;;
Q92905;COPS5;5;;;
Q4G0N4;NADK2;5;;;
Q9UKV5;AMFR;5;;;
O14936;CASK;5;;;
Q8NE00;TMEM104;5;;;
P46020;PHKA1;5;;;
O75648;TRMU;5;;;
Q15645;TRIP13;5;;;
O75940;SMNDC1;5;;;
Q9P0I2;EMC3;5;;;
Q14444;CAPRIN1;5;;;
Q6UX07;DHRS13;5;;;
Q8IZ73;RPUSD2;5;;;
P61019;RAB2A;5;;;
Q9BTV4;TMEM43;5;;yes;
P36542;ATP5F1C;5;;;
P36639;NUDT1;5;;yes;
O14976;GAK;5;;;
Q5THJ4;VPS13D;5;;;
Q9NUJ3;TCP11L1;5;;;
P84085;ARF5;5;;;
P47985;UQCRFS1;5;;;
Q5SR56;MFSD14B;5;;;
P15289;ARSA;5;;;
P50750;CDK9;5;;;
P06753;TPM3;5;;;
Q14157;UBAP2L;5;;;
P23588;EIF4B;5;;;
P55061;TMBIM6;5;;;
Q14789;GOLGB1;5;;yes;
O14617;AP3D1;5;;;
O95630;STAMBP;5;;;
Q9NXS2;QPCTL;5;;;
P33897;ABCD1;5;;;
Q13586;STIM1;5;;;
Q6IN85;PPP4R3A;5;;;
O95721;SNAP29;5;;;
Q96FV9;THOC1;5;;;
Q9NYH9;UTP6;5;;yes;
P35270;SPR;5;;;
Q96ER9;CCDC51;5;;;
Q8N2G8;GHDC;5;;;
Q9Y6N1;COX11;5;;;
Q9Y673;ALG5;5;;;
Q9H8M7;MINDY3;5;;;
P18085;ARF4;5;;;
Q9HAT2;SIAE;5;;;
O14579;COPE;5;;yes;
Q15061;WDR43;5;;;
Q9NRG4;SMYD2;5;;;
Q9Y5P6;GMPPB;5;;;
Q8NCW5;NAXE;5;;;
Q14517;FAT1;5;;;
Q6YHK3;CD109;5;;;
P02792;FTL;5;;;
Q15185;PTGES3;5;;;
Q3KQZ1;SLC25A35;5;;;
Q8TCT0;CERK;5;;;
P78371;CCT2;5;;;
P10586;PTPRF;5;;;
Q9NUL7;DDX28;5;;;
P07814;EPRS1;5;;;
Q9UEU0;VTI1B;5;;;
O95429;BAG4;5;;;
Q92945;KHSRP;5;;;
Q96AE4;FUBP1;5;;;
Q13151;HNRNPA0;5;;;
Q96I24;FUBP3;5;;;
P14543;NID1;5;;;
Q9UL15;BAG5;5;;yes;
Q9H813;PACC1;5;;;
Q9Y624;F11R;5;;;
Q86Y82;STX12;5;;yes;
Q9BRG1;VPS25;5;;;
Q8TBP6;SLC25A40;5;;;
Q99956;DUSP9;5;;;
P49419;ALDH7A1;5;;yes;
Q5VU43;PDE4DIP;5;;;
Q15233;NONO;5;;;
Q9NRF9;POLE3;5;;;
P61254;RPL26;5;;;
Q52LJ0;FAM98B;5;;;
Q15056;EIF4H;5;;;
Q04917;YWHAH;5;;;
Q5T6F2;UBAP2;5;;;
P23396;RPS3;5;;yes;
Q9H6R7;WDCP;5;;;
Q13595;TRA2A;5;;;
P51649;ALDH5A1;5;;;
Q9Y2T2;AP3M1;5;;;
P50542;PEX5;5;;;
Q6P4E1;GOLM2;5;;;
Q9H4A5;GOLPH3L;5;;;
Q9UGP8;SEC63;5;;;
P28288;ABCD3;5;;;
P51858;HDGF;5;;;
Q15102;PAFAH1B3;5;;;
Q8N163;CCAR2;5;;;
O60566;BUB1B;5;;;
O60658;PDE8A;5;;;
O94888;UBXN7;4;;;
P23246;SFPQ;4;;;
Q96MF7;NSMCE2;4;;;
Q00059;TFAM;4;;;
P55081;MFAP1;4;;;
Q9UL01;DSE;4;;;
Q00325;SLC25A3;4;;yes;
P52429;DGKE;4;;;
Q9Y5X1;SNX9;4;;;
Q86V87;FHIP2B;4;;;
Q8NI22;MCFD2;4;;;
Q9NQW7;XPNPEP1;4;;;
Q6P1S2;C3orf33;4;;;
Q14185;DOCK1;4;;;
P48163;ME1;4;;;
Q9UBR2;CTSZ;4;;;
Q8NHP6;MOSPD2;4;;;
P22033;MMUT;4;;;
P48556;PSMD8;4;;;
P50336;PPOX;4;;;
P36543;ATP6V1E1;4;;;
Q9NV70;EXOC1;4;;;
O43826;SLC37A4;4;;;
Q56VL3;OCIAD2;4;;;
Q8TEU7;RAPGEF6;4;;;
O60826;CCDC22;4;;;
Q96FX7;TRMT61A;4;;;
P09669;COX6C;4;;;
P18615;NELFE;4;;;
Q9H4L5;OSBPL3;4;;;
Q8N1B4;VPS52;4;;;
O75486;SUPT3H;4;;;
Q92504;SLC39A7;4;;;
O60784;TOM1;4;;;
P49589;CARS1;4;;;
Q04837;SSBP1;4;;;
Q9H0R6;QRSL1;4;;;
Q10469;MGAT2;4;;;
P33121;ACSL1;4;;;
Q9Y5U9;IER3IP1;4;;;
Q96HR9;REEP6;4;;;
Q9H936;SLC25A22;4;;;
Q9H0P0;NT5C3A;4;;;
Q96DA6;DNAJC19;4;;;
P35232;PHB1;4;;;
Q6P1K2;PMF1;4;;;
O75746;SLC25A12;4;;;
Q9BZ95;NSD3;4;;;
Q86TM6;SYVN1;4;;;
P30153;PPP2R1A;4;;yes;
Q5HYK3;COQ5;4;;;
Q9UBU8;MORF4L1;4;;;
Q68EM7;ARHGAP17;4;;;
Q9NP58;ABCB6;4;;;
Q16822;PCK2;4;;;
O76054;SEC14L2;4;;;
P50570;DNM2;4;;;
Q9Y6X5;ENPP4;4;;;
Q9Y4W6;AFG3L2;4;;;
Q96DX4;RSPRY1;4;;;
Q12972;PPP1R8;4;;;
Q13137;CALCOCO2;4;;yes;
Q9UJX6;ANAPC2;4;;;
Q9Y4Y9;LSM5;4;;;
P49458;SRP9;4;;;
P62847;RPS24;4;;;
Q15024;EXOSC7;4;;;
O43252;PAPSS1;4;;;
Q6DKJ4;NXN;4;;;
Q969R5;L3MBTL2;4;;;
O43708;GSTZ1;4;;;
Q8NFV4;ABHD11;4;;;
P09417;QDPR;4;;;
Q8N584;TTC39C;4;;;
P30520;ADSS2;4;;;
O75521;ECI2;4;;;
O43567;RNF13;4;;;
P78310;CXADR;4;;;
Q96C86;DCPS;4;;;
Q9NXG2;THUMPD1;4;;;
P49327;FASN;4;;;
Q8IVS2;MCAT;4;;;
P51991;HNRNPA3;4;;;
Q07666;KHDRBS1;4;;;
Q96C57;CUSTOS;4;;;
P07711;CTSL;4;;;
Q13501;SQSTM1;4;;yes;
O00115;DNASE2;4;;;
Q9UNN8;PROCR;4;;;
Q9P2K2;TXNDC16;4;;;
Q9H0E3;SAP130;4;;;
P52732;KIF11;4;;;
Q6IPU0;CENPP;4;;;
O14734;ACOT8;4;;;
Q8WU17;RNF139;4;;;
Q14CX7;NAA25;4;;;
Q04656;ATP7A;4;;;
P18077;RPL35A;4;;;
Q9Y5Y0;FLVCR1;4;;;
Q9H1E3;NUCKS1;4;;;
Q9BQ61;TRIR;4;;;
Q08209;PPP3CA;4;;;
O15372;EIF3H;4;;;
Q8IYS1;PM20D2;4;;;
P50213;IDH3A;4;;;
Q13144;EIF2B5;4;;;
Q9UBQ0;VPS29;4;;yes;
Q8IZL8;PELP1;4;;;
P61158;ACTR3;4;;;
Q14166;TTLL12;4;;;
P06756;ITGAV;4;;yes;
Q9UBS4;DNAJB11;4;;;
Q9BPW8;NIPSNAP1;4;;;
Q9BWH6;RPAP1;4;;;
O15498;YKT6;4;;yes;
Q6NXT4;SLC30A6;4;;;
P25705;ATP5F1A;4;;;
Q969T9;WBP2;4;;;
Q07021;C1QBP;4;;;
Q9H8H3;METTL7A;4;;;
Q96GZ6;SLC41A3;4;;;
P25205;MCM3;4;;;
P11413;G6PD;4;;;
Q13546;RIPK1;4;;;
P17661;DES;4;;;
Q9UGR2;ZC3H7B;4;;;
Q14527;HLTF;4;;;
A8CG34;POM121C;4;;;
Q6NXE6;ARMC6;4;;;
P17152;TMEM11;4;;;
Q96DF8;ESS2;4;;;
Q8N4Q1;CHCHD4;4;;;
Q16181;SEPTIN7;4;;;
Q9GZT8;NIF3L1;4;;;
Q96PU8;QKI;4;;;
P00387;CYB5R3;4;;;
Q8NCN5;PDPR;4;;;
P25054;APC;4;;;
Q14C86;GAPVD1;4;;;
Q9Y4P1;ATG4B;4;;;
Q9NVE7;PANK4;4;;;
P16989;YBX3;4;;;
Q96PZ0;PUS7;4;;;
Q9NY64;SLC2A8;4;;;
Q6P444;MTFR2;4;;;
P11441;UBL4A;3;;;
Q14562;DHX8;3;;;
P53004;BLVRA;3;;;
P62258;YWHAE;3;;yes;
Q9NVS9;PNPO;3;;;
Q9H223;EHD4;3;;;
P29692;EEF1D;3;;;
Q99567;NUP88;3;;yes;
Q5VYK3;ECPAS;3;;;
P54646;PRKAA2;3;;;
O60684;KPNA6;3;;;
Q06787;FMR1;3;;;
A8MXV4;NUDT19;3;;;
Q86TX2;ACOT1;3;;;
P43308;SSR2;3;;;
Q8IXB1;DNAJC10;3;;;
P02654;APOC1;3;;;
Q9Y3A3;MOB4;3;;;
Q9UKR5;ERG28;3;;;
Q9UHY7;ENOPH1;3;;;
P29083;GTF2E1;3;;;
P22413;ENPP1;3;;;
Q9NPI1;BRD7;3;;;
O14975;SLC27A2;3;;;
O60488;ACSL4;3;;;
P42126;ECI1;3;;;
Q15436;SEC23A;3;;yes;
Q7L5D6;GET4;3;;;
Q9UEY8;ADD3;3;;;
Q6RW13;AGTRAP;3;;;
Q06323;PSME1;3;;;
P61619;SEC61A1;3;;;
Q15738;NSDHL;3;;;
Q7Z7H5;TMED4;3;;;
Q12893;TMEM115;3;;;
Q13724;MOGS;3;;yes;
P30260;CDC27;3;;;
Q96DB5;RMDN1;3;;;
Q9Y605;MRFAP1;3;;;
Q96MH6;TMEM68;3;;;
P55735;SEC13;3;;yes;
Q9UNL2;SSR3;3;;;
Q9H0A0;NAT10;3;;;
P78536;ADAM17;3;;;
P31939;ATIC;3;;;
P30043;BLVRB;3;;;
Q9P0B6;CCDC167;3;;;
P24941;CDK2;3;;;
Q9BQP7;MGME1;3;;;
Q9Y6M1;IGF2BP2;3;;;
O95260;ATE1;3;;;
Q15058;KIF14;3;;;
Q9H5K3;POMK;3;;;
Q8NCU8;MTLN;3;;;
Q8NBM4;UBAC2;3;;;
Q15369;ELOC;3;;;
Q9Y221;NIP7;3;;;
Q7Z3B4;NUP54;3;;;
Q709F0;ACAD11;3;;;
P56134;ATP5MF;3;;;
Q86UL3;GPAT4;3;;;
Q02127;DHODH;3;;;
Q9H1P3;OSBPL2;3;;;
O75312;ZPR1;3;;;
Q9NV96;TMEM30A;3;;;
Q8N5B7;CERS5;3;;;
Q9NWX5;ASB6;3;;;
Q5VTL8;PRPF38B;3;;;
Q96E16;SMIM19;3;;;
Q567U6;CCDC93;3;;;
Q9Y2Q5;LAMTOR2;3;;;
Q9BXI6;TBC1D10A;3;;;
P49736;MCM2;3;;;
Q9Y6G9;DYNC1LI1;3;;;
P21266;GSTM3;3;;;
O94925;GLS;3;;;
Q96PV6;LENG8;3;;;
P31930;UQCRC1;3;;;
P48739;PITPNB;3;;;
O75150;RNF40;3;;;
Q5VTR2;RNF20;3;;;
P62191;PSMC1;3;;;
Q14997;PSME4;3;;;
P48960;ADGRE5;3;;;
Q86Y91;KIF18B;3;;;
Q96J02;ITCH;3;;;
Q9NVV0;TMEM38B;3;;;
Q9NUM4;TMEM106B;3;;;
Q92614;MYO18A;3;;;
Q6UWW8;CES3;3;;;
Q14145;KEAP1;3;;;
O15091;PRORP;3;;;
Q92696;RABGGTA;3;;yes;
Q07866;KLC1;3;;;
P52272;HNRNPM;3;;;
Q96C19;EFHD2;3;;;
Q9UFC0;LRWD1;3;;;
P11177;PDHB;3;;yes;
P34059;GALNS;3;;;
P31483;TIA1;3;;;
Q5SGD2;PPM1L;3;;;
Q9BSJ2;TUBGCP2;3;;;
Q96PE3;INPP4A;3;;;
P18887;XRCC1;3;;;
P54136;RARS1;3;;yes;
P48729;CSNK1A1;3;;;
Q13242;SRSF9;3;;;
Q01085;TIAL1;3;;;
P00367;GLUD1;3;;;
P60604;UBE2G2;3;;;
Q5SQN1;SNAP47;3;;;
P51970;NDUFA8;3;;;
P98155;VLDLR;3;;;
Q92673;SORL1;3;;;
P13051;UNG;3;;;
Q14118;DAG1;3;;;
Q93100;PHKB;3;;;
Q8IY95;TMEM192;3;;;
P50579;METAP2;3;;yes;
Q86WA6;BPHL;3;;;
Q7Z569;BRAP;3;;;
P22234;PAICS;3;;;
P0CG08;GPR89B;3;;;
Q9P2J5;LARS1;3;;;
Q92575;UBXN4;3;;;
Q96TA1;NIBAN2;3;;;
Q00013;MPP1;3;;;
Q5JTZ9;AARS2;3;;;
P13747;HLA-E;3;;;
P63167;DYNLL1;3;;;
Q9H910;JPT2;3;;;
Q9BR76;CORO1B;3;;yes;
Q9Y3D3;MRPS16;3;;;
Q86VM9;ZC3H18;3;;;
P15927;RPA2;3;;;
P61513;RPL37A;3;;;
Q9Y266;NUDC;3;;;
Q8IWS0;PHF6;3;;;
Q86YP4;GATAD2A;3;;;
P09429;HMGB1;3;;;
Q9Y383;LUC7L2;3;;;
P09234;SNRPC;3;;;
P43487;RANBP1;3;;;
P20042;EIF2S2;3;;;
P06748;NPM1;3;;;
P46779;RPL28;3;;;
Q7Z739;YTHDF3;3;;;
Q9P0M9;MRPL27;3;;;
P83916;CBX1;3;;;
O43719;HTATSF1;3;;;
Q9NV06;DCAF13;3;;;
Q9Y2W1;THRAP3;3;;;
O95235;KIF20A;3;;;
Q8N6T3;ARFGAP1;3;;;
Q8N8S7;ENAH;3;;;
O75822;EIF3J;3;;;
O43670;ZNF207;3;;;
P61956;SUMO2;3;;;
Q14247;CTTN;3;;;
P47914;RPL29;3;;;
Q9Y4X5;ARIH1;3;;;
P30626;SRI;3;;;
Q9UHQ9;CYB5R1;3;;;
Q13428;TCOF1;3;;;
Q15417;CNN3;3;;;
Q16762;TST;3;;;
Q8IYI6;EXOC8;3;;;
Q6GMV3;PTRHD1;3;;;
O15347;HMGB3;3;;;
Q96KR1;ZFR;3;;;
Q9NTZ6;RBM12;3;;yes;
Q9NYF8;BCLAF1;3;;;
Q13347;EIF3I;3;;;
Q9UBE0;SAE1;3;;;
Q9NWV8;BABAM1;3;;;
Q8NBF2;NHLRC2;3;;;
Q9BZF1;OSBPL8;3;;;
Q9NWT6;HIF1AN;3;;;
Q9NUT2;ABCB8;3;;;
O75330;HMMR;3;;;
P53007;SLC25A1;3;;;
P16383;GCFC2;3;;;
P53999;SUB1;3;;;
Q9C0I1;MTMR12;3;;;
Q13153;PAK1;3;;;
Q9UNK9;ANGEL1;3;;;
Q6PHR2;ULK3;3;;;
Q6UWU4;C6orf89;3;;;
Q9UET6;FTSJ1;3;;;
O43592;XPOT;3;;;
Q13509;TUBB3;3;;;
Q9UK45;LSM7;3;;;
P30084;ECHS1;3;;;
Q15154;PCM1;3;;;
P05026;ATP1B1;3;;yes;
Q9BRF8;CPPED1;3;;;
Q92674;CENPI;3;;;
Q8NEM2;SHCBP1;3;;;
P04632;CAPNS1;3;;;
O43598;DNPH1;3;;;
O15126;SCAMP1;3;;;
Q99757;TXN2;3;;;
Q8N9F7;GDPD1;3;;;
Q9UBV8;PEF1;3;;;
Q6NVY1;HIBCH;3;;;
P20339;RAB5A;3;;;
Q9BUP3;HTATIP2;3;;;
Q9Y3B2;EXOSC1;3;;;
Q15042;RAB3GAP1;3;;;
P61970;NUTF2;3;;yes;
O43251;RBFOX2;3;;;
Q03001;DST;3;;;
Q0VDG4;SCRN3;3;;;
Q69YH5;CDCA2;3;;;
P29372;MPG;3;;;
P10909;CLU;3;;;
Q9H078;CLPB;3;;;
Q9Y2U8;LEMD3;3;;;
Q6AI08;HEATR6;3;;;
Q9BV79;MECR;3;;;
Q8ND90;PNMA1;3;;;
Q9UBP6;METTL1;3;;;
Q9H3L0;MMADHC;3;;;
O15155;BET1;3;;;
P10809;HSPD1;3;;;
Q07812;BAX;3;;yes;
Q9NXR7;BABAM2;3;;;
Q99543;DNAJC2;3;;;
Q9UK61;TASOR;3;;;
O94822;LTN1;3;;;
P13984;GTF2F2;3;;;
Q9Y5Y2;NUBP2;3;;;
P56962;STX17;3;;;
Q9UL42;PNMA2;3;;;
Q9BYD1;MRPL13;3;;;
Q9ULK5;VANGL2;3;;;
Q9C0D9;SELENOI;3;;;
P06493;CDK1;3;;;
O00303;EIF3F;3;;;
Q13445;TMED1;3;;;
O15439;ABCC4;3;;;
Q16540;MRPL23;3;;;
Q8WZA9;IRGQ;3;;;
Q8WXW3;PIBF1;3;;;
Q8N5C6;SRBD1;3;;;
Q8IZT6;ASPM;3;;;
Q9NWY4;HPF1;3;;;
Q8IWV7;UBR1;3;;;
Q14181;POLA2;3;;;
Q53HL2;CDCA8;3;;;
O95870;ABHD16A;3;;;
Q5SRE5;NUP188;3;;;
Q5T3U5;ABCC10;3;;;
O95749;GGPS1;3;;;
Q9Y276;BCS1L;3;;;
Q53F19;NCBP3;3;;;
Q13769;THOC5;3;;;
Q9NVD3;SETD4;2;;;
Q15427;SF3B4;2;;;
Q13136;PPFIA1;2;;;
P62277;RPS13;2;;;
Q9Y5Z4;HEBP2;2;;;
P55769;SNU13;2;;;
Q9H8H2;DDX31;2;;;
Q1KMD3;HNRNPUL2;2;;;
O14678;ABCD4;2;;;
Q96K12;FAR2;2;;;
Q99707;MTR;2;;;
O43933;PEX1;2;;;
P30419;NMT1;2;;;
Q9NS91;RAD18;2;;;
Q14554;PDIA5;2;;;
Q96AB3;ISOC2;2;;;
Q13217;DNAJC3;2;;;
Q9H6E4;CCDC134;2;;;
P07942;LAMB1;2;;yes;
Q9NUQ8;ABCF3;2;;;
O75489;NDUFS3;2;;;
Q9H1D9;POLR3F;2;;;
Q8WX92;NELFB;2;;;
Q9NS86;LANCL2;2;;;
Q96IK0;TMEM101;2;;;
Q6IAN0;DHRS7B;2;;;
O75419;CDC45;2;;;
Q9UHR5;SAP30BP;2;;;
Q9UM19;HPCAL4;2;;;
P36404;ARL2;2;;;
P00558;PGK1;2;;;
O43765;SGTA;2;;;
Q8IUD2;ERC1;2;;;
Q01650;SLC7A5;2;;;
P0DJ07;PET100;2;;;
Q9NVG8;TBC1D13;2;;;
O00189;AP4M1;2;;;
Q9H3R5;CENPH;2;;;
Q96LZ7;RMDN2;2;;;
Q8IVP5;FUNDC1;2;;;
Q9NZJ6;COQ3;2;;;
O60645;EXOC3;2;;;
Q00536;CDK16;2;;;
Q9H9C1;VIPAS39;2;;;
P09661;SNRPA1;2;;;
Q9NZZ3;CHMP5;2;;;
P14672;SLC2A4;2;;;
P53350;PLK1;2;;;
Q9UGJ1;TUBGCP4;2;;;
Q15643;TRIP11;2;;;
Q01130;SRSF2;2;;;
Q96CX2;KCTD12;2;;;
O75663;TIPRL;2;;;
O43707;ACTN4;2;;;
P62993;GRB2;2;;;
Q8NFF5;FLAD1;2;;;
Q6UWE0;LRSAM1;2;;;
Q658P3;STEAP3;2;;;
Q9BT17;MTG1;2;;;
P51530;DNA2;2;;;
Q96CS3;FAF2;2;;;
P58511;SMIM11;2;;;
O14966;RAB29;2;;;
P22307;SCP2;2;;;
O95573;ACSL3;2;;;
P54886;ALDH18A1;2;;;
Q99943;AGPAT1;2;;;
Q9C0E8;LNPK;2;;;
O75352;MPDU1;2;;;
Q9NUY8;TBC1D23;2;;;
Q969S3;ZNF622;2;;;
Q8N5W9;RFLNB;2;;;
Q12996;CSTF3;2;;;
O95159;ZFPL1;2;;;
Q9Y3C0;WASHC3;2;;;
Q8IZ07;ANKRD13A;2;;;
Q9P0T7;TMEM9;2;;yes;
Q9H0C8;ILKAP;2;;;
O95785;WIZ;2;;;
P11233;RALA;2;;;
Q12907;LMAN2;2;;yes;
Q86SK9;SCD5;2;;;
Q9BY50;SEC11C;2;;;
O75376;NCOR1;2;;;
Q06055;ATP5MC2;2;;;
Q9UQ16;DNM3;2;;;
Q01664;TFAP4;2;;;
Q13637;RAB32;2;;;
Q8NE86;MCU;2;;;
Q14674;ESPL1;2;;;
Q9BS26;ERP44;2;;;
Q9GZY4;COA1;2;;;
Q8TDW0;LRRC8C;2;;;
P11182;DBT;2;;;
P62312;LSM6;2;;;
P61960;UFM1;2;;;
Q13057;COASY;2;;;
Q8IXI1;RHOT2;2;;;
P12694;BCKDHA;2;;;
P20073;ANXA7;2;;;
Q9H074;PAIP1;2;;;
Q8N6R0;METTL13;2;;;
Q6NZY4;ZCCHC8;2;;;
Q9Y2E5;MAN2B2;2;;;
Q02487;DSC2;2;;;
P55201;BRPF1;2;;;
Q92572;AP3S1;2;;;
P05556;ITGB1;2;;yes;
Q9H2U1;DHX36;2;;;
P51659;HSD17B4;2;;;
Q9UPY5;SLC7A11;2;;;
Q9H845;ACAD9;2;;;
Q13325;IFIT5;2;;;
Q9H8K7;PAAT;2;;;
P19022;CDH2;2;;;
Q9HCD5;NCOA5;2;;;
Q16539;MAPK14;2;;;
Q99576;TSC22D3;2;;;
Q5JPH6;EARS2;2;;;
Q9H6U8;ALG9;2;;;
Q12959;DLG1;2;;;
P30048;PRDX3;2;;;
Q15057;ACAP2;2;;;
O15067;PFAS;2;;;
P04150;NR3C1;2;;;
Q3LXA3;TKFC;2;;;
Q86Y56;DNAAF5;2;;;
Q96FF9;CDCA5;2;;;
P35914;HMGCL;2;;;
O75694;NUP155;2;;;
Q9HA77;CARS2;2;;;
Q9BWF3;RBM4;2;;;
Q9ULX6;AKAP8L;2;;;
Q149N8;SHPRH;2;;;
Q13616;CUL1;2;;;
Q8NCC5;SLC37A3;2;;;
Q8NBU5;ATAD1;2;;;
O60266;ADCY3;2;;;
Q9BQT9;CLSTN3;2;;;
Q86VP1;TAX1BP1;2;;yes;
A2RU67;FAM234B;2;;;
Q99519;NEU1;2;;;
Q9HCM3;KIAA1549;2;;;
Q92581;SLC9A6;2;;;
Q9Y6N7;ROBO1;2;;;
Q92485;SMPDL3B;2;;;
Q5SZK8;FREM2;2;;;
Q9UPP1;PHF8;2;;;
Q7KYR7;BTN2A1;2;;;
P51688;SGSH;2;;;
P00533;EGFR;2;;yes;
Q6UX04;CWC27;2;;;
Q9Y333;LSM2;2;;;
Q3B726;POLR1F;2;;;
Q9UNW1;MINPP1;2;;;
Q15047;SETDB1;2;;;
Q9Y6Y8;SEC23IP;2;;;
O00170;AIP;2;;;
P04114;APOB;2;;yes;
Q9BUI4;POLR3C;2;;;
Q96CW5;TUBGCP3;2;;;
P54578;USP14;2;;;
Q13286;CLN3;2;;;
P54727;RAD23B;2;;;
Q9NRX4;PHPT1;2;;yes;
Q9UKM9;RALY;2;;;
Q16629;SRSF7;2;;;
Q96CM8;ACSF2;2;;;
Q14847;LASP1;2;;;
O75792;RNASEH2A;2;;;
Q14671;PUM1;2;;;
Q9BUJ2;HNRNPUL1;2;;;
Q8WWM7;ATXN2L;2;;;
P27816;MAP4;2;;;
P13995;MTHFD2;2;;;
P17812;CTPS1;2;;;
Q99832;CCT7;2;;;
Q9Y6A5;TACC3;2;;;
P08238;HSP90AB1;2;;yes;
Q01433;AMPD2;2;;;
Q9UNF1;MAGED2;2;;;
Q96E39;RBMXL1;2;;;
Q9H0G5;NSRP1;2;;;
P27348;YWHAQ;2;;;
Q9NXV6;CDKN2AIP;2;;;
P62266;RPS23;2;;;
P08621;SNRNP70;2;;;
Q9BQ75;CMSS1;2;;;
Q14141;SEPTIN6;2;;;
Q9P0L0;VAPA;2;;;
P78316;NOP14;2;;;
P46199;MTIF2;2;;;
Q02543;RPL18A;2;;;
Q29RF7;PDS5A;2;;;
Q12797;ASPH;2;;;
Q14126;DSG2;2;;;
P53609;PGGT1B;2;;;
Q8IWZ8;SUGP1;2;;;
Q15003;NCAPH;2;;;
Q9P1F3;ABRACL;2;;;
Q5JRA6;MIA3;2;;;
Q96EM0;L3HYPDH;2;;;
Q04323;UBXN1;2;;;
O75962;TRIO;2;;;
Q9Y296;TRAPPC4;2;;;
P09874;PARP1;2;;;
Q9UPT8;ZC3H4;2;;;
Q13409;DYNC1I2;2;;;
Q8IY67;RAVER1;2;;;
P57772;EEFSEC;2;;;
Q8WU76;SCFD2;2;;;
Q8TB37;NUBPL;2;;;
Q9H0F7;ARL6;2;;;
Q9Y366;IFT52;2;;;
Q05639;EEF1A2;2;;;
Q8N668;COMMD1;2;;;
Q9BXW9;FANCD2;2;;;
P05771;PRKCB;2;;;
P04843;RPN1;2;;yes;
Q9BXF3;CECR2;2;;;
P06730;EIF4E;2;;;
O00505;KPNA3;2;;;
Q13043;STK4;2;;;
A5D8V6;VPS37C;2;;;
Q13206;DDX10;2;;;
Q9NRP2;CMC2;2;;;
Q9UBB6;NCDN;2;;;
Q9Y426;C2CD2;2;;;
Q8WWI5;SLC44A1;2;;;
P08247;SYP;2;;yes;
P08574;CYC1;2;;;
O14656;TOR1A;2;;;
Q9NW81;DMAC2;2;;;
Q8NBL1;POGLUT1;2;;;
Q9NVT9;ARMC1;2;;;
P38117;ETFB;2;;;
Q13901;C1D;2;;;
Q15532;SS18;2;;;
P20340;RAB6A;2;;;
Q9H2U2;PPA2;2;;;
Q9Y2X9;ZNF281;2;;;
P43243;MATR3;2;;;
Q15257;PTPA;2;;;
Q9NP72;RAB18;2;;;
O95372;LYPLA2;2;;;
Q9C0B1;FTO;2;;;
P35754;GLRX;2;;;
O76003;GLRX3;2;;;
Q03426;MVK;2;;;
P15374;UCHL3;2;;;
Q96QE5;TEFM;2;;;
Q93009;USP7;2;;;
P34949;MPI;2;;;
Q9HC36;MRM3;2;;;
O60343;TBC1D4;2;;;
Q9Y4C2;TCAF1;2;;;
Q9BUR4;WRAP53;2;;;
Q4KMP7;TBC1D10B;2;;;
Q5PRF9;SAMD4B;2;;;
Q9BRK4;LZTS2;2;;;
Q6ZSJ8;C1orf122;2;;;
Q10567;AP1B1;2;;;
P16219;ACADS;2;;;
Q6YP21;KYAT3;2;;;
Q8N5K1;CISD2;2;;;
Q13177;PAK2;2;;;
O60762;DPM1;2;;;
Q99471;PFDN5;2;;;
Q9Y4U1;MMACHC;2;;;
P21359;NF1;2;;;
P43121;MCAM;2;;;
Q9Y496;KIF3A;2;;;
P60660;MYL6;2;;yes;
Q9NP77;SSU72;2;;;
Q16527;CSRP2;2;;;
Q13685;AAMP;2;;yes;
Q9Y696;CLIC4;2;;;
Q96S38;RPS6KC1;2;;;
Q9Y2I1;NISCH;2;;;
Q6BDS2;UHRF1BP1;2;;;
P16104;H2AX;2;;;
O60783;MRPS14;2;;;
Q96SU4;OSBPL9;2;;;
Q9HB07;MYG1;2;;;
Q9P2K5;MYEF2;2;;;
O15382;BCAT2;2;;;
Q969F9;HPS3;2;;;
Q96D09;GPRASP2;2;;;
Q9H583;HEATR1;2;;;
Q96HE7;ERO1A;2;;;
Q9P013;CWC15;2;;;
P49750;YLPM1;2;;;
A0AV96;RBM47;2;;;
O95400;CD2BP2;2;;;
Q9H6W3;RIOX1;2;;;
Q9Y5A7;NUB1;2;;;
A2RRP1;NBAS;2;;;
Q9HCU5;PREB;2;;;
Q06330;RBPJ;2;;;
B7ZAP0;RABGAP1L;2;;;
Q68DH5;LMBRD2;2;;;
Q9NTG7;SIRT3;2;;;
P37198;NUP62;2;;;
Q96RU3;FNBP1;2;;;
P12277;CKB;2;;;
Q9UJX4;ANAPC5;2;;;
Q13813;SPTAN1;2;;;
Q9Y376;CAB39;2;;;
Q9NQG6;MIEF1;2;;;
P60033;CD81;2;;;
Q5BJH2;TMEM128;2;;;
O75665;OFD1;2;;;
Q86X02;CDR2L;2;;;
O00429;DNM1L;2;;yes;
P49770;EIF2B2;2;;;
P20839;IMPDH1;2;;;
Q13464;ROCK1;2;;;
Q9H9E3;COG4;2;;;
Q9Y570;PPME1;2;;;
Q08426;EHHADH;2;;;
Q8IWR0;ZC3H7A;2;;;
Q96GI7;FAM89A;2;;;
P52758;RIDA;1;;;
Q9NRF8;CTPS2;1;;;
P35241;RDX;1;;;
Q9NQ29;LUC7L;1;;;
O43665;RGS10;1;;;
Q93034;CUL5;1;;;
Q96CT7;CCDC124;1;;;
P04818;TYMS;1;;;
P14859;POU2F1;1;;;
Q9Y3C1;NOP16;1;;;
Q14376;GALE;1;;;
P05455;SSB;1;;;
P12532;"CKMT1A; CKMT1B";1;;;
Q9NP66;HMG20A;1;;;
Q14BN4;SLMAP;1;;;
P15311;EZR;1;;;
O14929;HAT1;1;;;
Q8TAF3;WDR48;1;;;
Q9P2N5;RBM27;1;;;
Q9UHJ3;SFMBT1;1;;;
O76031;CLPX;1;;;
Q14738;PPP2R5D;1;;;
Q13426;XRCC4;1;;;
Q9Y2G5;POFUT2;1;;;
Q13162;PRDX4;1;;yes;
Q8IWZ3;ANKHD1;1;;;
P23368;ME2;1;;;
Q9BTZ2;DHRS4;1;;;
P14625;HSP90B1;1;;;
Q86YH6;PDSS2;1;;;
O15164;TRIM24;1;;;
Q9NV56;MRGBP;1;;;
P39687;ANP32A;1;;yes;
Q96TA2;YME1L1;1;;;
P17858;PFKL;1;;yes;
P08237;PFKM;1;;;
Q01813;PFKP;1;;yes;
Q9NXU5;ARL15;1;;;
O43709;BUD23;1;;;
Q9P0M6;MACROH2A2;1;;;
P62070;RRAS2;1;;yes;
Q9H8Y8;GORASP2;1;;;
Q6P3W7;SCYL2;1;;;
Q9UKM7;MAN1B1;1;;;
P61923;COPZ1;1;;;
Q96A49;SYAP1;1;;;
Q13619;CUL4A;1;;;
O00743;PPP6C;1;;yes;
O75400;PRPF40A;1;;;
Q9BTA9;WAC;1;;;
O14776;TCERG1;1;;;
Q5VWJ9;SNX30;1;;;
P05166;PCCB;1;;;
Q8WZ42;TTN;1;;;
Q8IWE4;DCUN1D3;1;;;
Q8IUR0;TRAPPC5;1;;;
P21281;ATP6V1B2;1;;;
P11802;CDK4;1;;;
Q9UNH7;SNX6;1;;;
Q7Z4W1;DCXR;1;;;
Q86WA8;LONP2;1;;;
Q8NFH3;NUP43;1;;;
P82932;MRPS6;1;;;
O95379;TNFAIP8;1;;;
O60518;RANBP6;1;;;
Q96BW9;TAMM41;1;;;
P15291;B4GALT1;1;;;
Q5SVZ6;ZMYM1;1;;;
Q96RK4;BBS4;1;;;
Q96SB4;SRPK1;1;;;
P84243;"H3-3A; H3-3B";1;;;
Q96ES7;SGF29;1;;;
Q9NYL9;TMOD3;1;;;
Q9NZB8;MOCS1;1;;;
Q08211;DHX9;1;;;
Q8IVV7;GID4;1;;;
P51003;PAPOLA;1;;;
P11216;PYGB;1;;;
Q6P158;DHX57;1;;;
P0DMN0;SULT1A4;1;;;
O43482;OIP5;1;;;
Q9NWU5;MRPL22;1;;;
Q92989;CLP1;1;;;
A7E2V4;ZSWIM8;1;;;
Q08378;GOLGA3;1;;;
Q9BSL1;UBAC1;1;;;
P35580;MYH10;1;;yes;
Q9Y5K8;ATP6V1D;1;;;
Q53EZ4;CEP55;1;;;
Q9UNZ2;NSFL1C;1;;;
Q14699;RFTN1;1;;;
Q86UA1;PRPF39;1;;;
P17302;GJA1;1;;;
Q86VX2;COMMD7;1;;;
Q96RT8;TUBGCP5;1;;;
Q86VU5;COMTD1;1;;;
Q96DH6;MSI2;1;;;
Q15642;TRIP10;1;;;
P29084;GTF2E2;1;;;
O14683;TP53I11;1;;;
Q6UW78;UQCC3;1;;;
O15504;NUP42;1;;;
P61009;SPCS3;1;;;
Q9UI09;NDUFA12;1;;;
Q9UKG9;CROT;1;;;
Q5RI15;COX20;1;;;
Q9NRG9;AAAS;1;;;
Q8WTS1;ABHD5;1;;;
O00566;MPHOSPH10;1;;;
Q9UPT5;EXOC7;1;;;
Q8N5V2;NGEF;1;;;
Q8WVM8;SCFD1;1;;;
Q9UBT7;CTNNAL1;1;;;
P17028;ZNF24;1;;;
Q9UP83;COG5;1;;;
P42345;MTOR;1;;;
Q14683;SMC1A;1;;;
Q15018;ABRAXAS2;1;;;
Q86TU7;SETD3;1;;;
P21953;BCKDHB;1;;;
P48506;GCLC;1;;;
Q3T906;GNPTAB;1;;;
O14521;SDHD;1;;;
Q8WTW3;COG1;1;;;
O95900;TRUB2;1;;;
Q86YT6;MIB1;1;;;
P54652;HSPA2;1;;;
Q643R3;LPCAT4;1;;;
Q9Y6D9;MAD1L1;1;;;
Q9UHB7;AFF4;1;;;
Q12872;SFSWAP;1;;;
Q9UMY1;NOL7;1;;;
P55199;ELL;1;;;
O15111;CHUK;1;;;
Q9UKG1;APPL1;1;;;
P28289;TMOD1;1;;;
Q86W42;THOC6;1;;;
Q06609;RAD51;1;;;
Q9NSI2;SLX9;1;;;
Q8WU79;SMAP2;1;;;
P14735;IDE;1;;;
Q9H3S7;PTPN23;1;;;
O94887;FARP2;1;;;
P42285;MTREX;1;;;
O60341;KDM1A;1;;;
O94874;UFL1;1;;;
Q9UNM6;PSMD13;1;;;
P49768;PSEN1;1;;;
Q92545;TMEM131;1;;;
Q9UJA3;MCM8;1;;;
P50995;ANXA11;1;;;
Q9BZM4;ULBP3;1;;;
P30046;DDT;1;;;
P11766;ADH5;1;;;
O43837;IDH3B;1;;;
Q9BYB4;GNB1L;1;;;
Q13740;ALCAM;1;;;
P34897;SHMT2;1;;;
Q9UN36;NDRG2;1;;;
Q96LD8;SENP8;1;;;
Q86YB8;ERO1B;1;;;
Q12931;TRAP1;1;;;
P13591;NCAM1;1;;;
P54098;POLG;1;;;
Q9NYU1;UGGT2;1;;;
Q6SZW1;SARM1;1;;;
Q92665;MRPS31;1;;;
Q5T160;RARS2;1;;;
O75127;PTCD1;1;;;
P31937;HIBADH;1;;;
Q53R41;FASTKD1;1;;;
P17301;ITGA2;1;;;
Q96EY7;PTCD3;1;;;
Q4G176;ACSF3;1;;;
P13861;PRKAR2A;1;;;
P51580;TPMT;1;;;
Q86YM7;HOMER1;1;;;
Q7L0Y3;TRMT10C;1;;;
Q9P260;RELCH;1;;;
P50991;CCT4;1;;;
Q16576;RBBP7;1;;;
Q9BXS5;AP1M1;1;;;
Q8N8A6;DDX51;1;;;
Q92759;GTF2H4;1;;;
Q9Y666;SLC12A7;1;;;
Q6U841;SLC4A10;1;;;
O15047;SETD1A;1;;;
Q96MW5;COG8;1;;;
Q9P265;DIP2B;1;;;
Q01082;SPTBN1;1;;;
Q9NXC5;MIOS;1;;;
Q9UPN9;TRIM33;1;;;
Q8IYR2;SMYD4;1;;;
P83881;RPL36A;1;;;
Q05048;CSTF1;1;;;
Q13363;CTBP1;1;;;
Q13425;SNTB2;1;;;
Q00688;FKBP3;1;;;
Q9Y6R4;MAP3K4;1;;;
Q04760;GLO1;1;;;
Q9Y2Y6;TMEM98;1;;;
Q9NRA8;EIF4ENIF1;1;;;
Q13772;NCOA4;1;;;
O75882;ATRN;1;;;
Q8NC42;RNF149;1;;;
P16870;CPE;1;;;
Q9UBX1;CTSF;1;;;
O43405;COCH;1;;;
Q9NYA4;MTMR4;1;;;
Q92484;SMPDL3A;1;;;
Q9H7F0;ATP13A3;1;;;
Q8N9N5;BANP;1;;;
Q6AZY7;SCARA3;1;;;
Q96KQ7;EHMT2;1;;;
Q9H9B1;EHMT1;1;;;
P29317;EPHA2;1;;yes;
O60245;PCDH7;1;;;
Q04721;NOTCH2;1;;;
Q5SRI9;MANEA;1;;;
Q8TCG2;PI4K2B;1;;;
Q9P2E5;CHPF2;1;;yes;
O60291;MGRN1;1;;;
Q9BXP2;SLC12A9;1;;;
Q9NTX5;ECHDC1;1;;;
Q92692;NECTIN2;1;;;
Q9P273;TENM3;1;;;
Q9P1Z2;CALCOCO1;1;;yes;
P22694;PRKACB;1;;;
P23458;JAK1;1;;;
Q15833;STXBP2;1;;;
Q5MNZ6;WDR45B;1;;;
Q9BVC5;C2orf49;1;;;
Q05193;DNM1;1;;;
Q86US8;SMG6;1;;;
Q63HN8;RNF213;1;;;
Q9H307;PNN;1;;;
Q8N6N3;C1orf52;1;;;
Q96RR1;TWNK;1;;;
Q9GZU8;PSME3IP1;1;;;
Q13794;PMAIP1;1;;;
Q9NUQ7;UFSP2;1;;;
Q8WUB8;PHF10;1;;;
P13489;RNH1;1;;yes;
Q16531;DDB1;1;;;
Q9BXJ9;NAA15;1;;yes;
Q9H6U6;BCAS3;1;;;
Q15813;TBCE;1;;;
Q9ULT8;HECTD1;1;;;
Q9H3E2;SNX25;1;;;
Q99963;SH3GL3;1;;;
Q13610;PWP1;1;;;
Q8ND04;SMG8;1;;;
A1A4S6;ARHGAP10;1;;;
P49585;PCYT1A;1;;;
Q7L2H7;EIF3M;1;;;
P20290;BTF3;1;;;
Q9Y3C8;UFC1;1;;;
Q14165;MLEC;1;;yes;
Q9Y508;RNF114;1;;;
Q9HAS0;C17orf75;1;;;
O14908;GIPC1;1;;;
Q99816;TSG101;1;;;
Q9UIU6;SIX4;1;;;
Q92734;TFG;1;;;
Q9Y520;PRRC2C;1;;;
P07900;HSP90AA1;1;;yes;
Q8WV74;NUDT8;1;;;
Q99700;ATXN2;1;;;
Q12849;GRSF1;1;;;
P22061;PCMT1;1;;;
P85037;FOXK1;1;;;
Q8N3X1;FNBP4;1;;;
Q9BYJ9;YTHDF1;1;;;
P34932;HSPA4;1;;;
P42566;EPS15;1;;;
P37108;SRP14;1;;;
Q6PKG0;LARP1;1;;;
P04075;ALDOA;1;;;
P84098;RPL19;1;;;
P61247;RPS3A;1;;;
Q13111;CHAF1A;1;;;
P25440;BRD2;1;;;
Q8NFG4;FLCN;1;;;
Q8IXT5;RBM12B;1;;;
Q02241;KIF23;1;;;
Q9Y5B8;NME7;1;;;
Q9UBU9;NXF1;1;;;
Q66K74;MAP1S;1;;;
Q2VPK5;CTU2;1;;;
Q9Y450;HBS1L;1;;;
Q9Y4R8;TELO2;1;;;
Q9ULX3;NOB1;1;;;
Q96P11;NSUN5;1;;;
Q8N954;GPATCH11;1;;;
Q08257;CRYZ;1;;;
P49916;LIG3;1;;;
P04637;TP53;1;;;
O00203;AP3B1;1;;;
P38398;BRCA1;1;;;
O60568;PLOD3;1;;;
Q5T3I0;GPATCH4;1;;;
Q13185;CBX3;1;;;
Q96E11;MRRF;1;;;
P45973;CBX5;1;;;
P78549;NTHL1;1;;;
O00217;NDUFS8;1;;;
Q9NP92;MRPS30;1;;;
P55884;EIF3B;1;;;
O15078;CEP290;1;;;
Q9BTT6;LRRC1;1;;;
Q96RT1;ERBIN;1;;;
P48444;ARCN1;1;;yes;
Q49AR2;C5orf22;1;;;
Q8TCS8;PNPT1;1;;;
Q9UDY8;MALT1;1;;;
O14980;XPO1;1;;;
P36957;DLST;1;;;
P31025;LCN1;1;;;
Q9GZZ8;LACRT;1;;;
O95363;FARS2;1;;;
Q99935;OPRPN;1;;;
P43034;PAFAH1B1;1;;;
Q12788;TBL3;1;;;
Q9Y385;UBE2J1;1;;;
Q9UPU7;TBC1D2B;1;;;
Q96KM6;ZNF512B;1;;;
P78527;PRKDC;1;;;
Q9NQT5;EXOSC3;1;;;
P17050;NAGA;1;;;
Q969M3;YIPF5;1;;;
Q15397;PUM3;1;;;
Q9NYB0;TERF2IP;1;;;
Q9BYI3;FAM126A;1;;;
Q9BVK2;ALG8;1;;;
Q5SWX8;ODR4;1;;;
Q96I25;RBM17;1;;;
Q9Y4E5;ZNF451;1;;;
Q99614;TTC1;1;;;
Q9UJ41;RABGEF1;1;;;
Q9Y6E2;BZW2;1;;;
O95219;SNX4;1;;;
Q9Y244;POMP;1;;;
Q9BX67;JAM3;1;;;
Q9HAV4;XPO5;1;;;
Q8WYA6;CTNNBL1;1;;;
P04080;CSTB;1;;;
P04899;GNAI2;1;;yes;
Q96A35;MRPL24;1;;;
Q9NTJ3;SMC4;1;;;
Q9NRR5;UBQLN4;1;;;
Q96GS6;ABHD17A;1;;;
Q9HBL7;PLGRKT;1;;;
O95716;RAB3D;1;;;
O00483;NDUFA4;1;;;
P28161;GSTM2;1;;;
P50395;GDI2;1;;;
P42575;CASP2;1;;;
Q9BRT6;LLPH;1;;;
O95299;NDUFA10;1;;;
P11047;LAMC1;1;;;
Q8WWY3;PRPF31;1;;;
P36776;LONP1;1;;;
Q9BXW6;OSBPL1A;1;;;
Q15561;TEAD4;1;;;
Q5TA45;INTS11;1;;;
Q969E8;TSR2;1;;;
Q99426;TBCB;1;;;
Q9BSD7;NTPCR;1;;;
P23258;TUBG1;1;;;
P62841;RPS15;1;;;
Q9HD33;MRPL47;1;;;
Q16775;HAGH;1;;;
P82663;MRPS25;1;;;
Q8IWV8;UBR2;1;;;
Q9UJ83;HACL1;1;;;
Q13362;PPP2R5C;1;;;
O94880;PHF14;1;;;
P52569;SLC7A2;1;;;
P78540;ARG2;1;;;
P48147;PREP;1;;;
Q68E01;INTS3;1;;;
P14854;COX6B1;1;;;
Q53EL6;PDCD4;1;;;
P46109;CRKL;1;;;
Q8NB90;SPATA5;1;;;
Q6ZRI6;C15orf39;1;;;
O43524;FOXO3;1;;;
Q9UL63;MKLN1;1;;;
A6NDG6;PGP;1;;;
Q9H2P9;DPH5;1;;;
P29375;KDM5A;1;;;
A6NKF1;SAC3D1;1;;;
O75368;SH3BGRL;1;;;
Q15459;SF3A1;1;;;
Q9NVH0;EXD2;1;;;
O95336;PGLS;1;;;
Q96HS1;PGAM5;1;;;
Q9BRJ7;NUDT16L1;1;;;
Q9Y4W2;LAS1L;1;;;
P18031;PTPN1;1;;;
Q9BZJ0;CRNKL1;1;;;
O60294;LCMT2;1;;;
P07384;CAPN1;1;;;
Q14195;DPYSL3;1;;;
Q14197;MRPL58;1;;;
Q9Y3D9;MRPS23;1;;;
Q9UGM6;WARS2;1;;;
Q86SX6;GLRX5;1;;;
P06744;GPI;1;;;
Q8WXX5;DNAJC9;1;;;
Q49AM1;MTERF2;1;;;
P40937;RFC5;1;;;
Q9BZX2;UCK2;1;;;
P31946;YWHAB;1;;;
Q9BUH6;PAXX;1;;;
Q9Y3B7;MRPL11;1;;;
Q9Y697;NFS1;1;;;
Q99714;HSD17B10;1;;;
Q9H3F6;KCTD10;1;;;
Q8WUX2;CHAC2;1;;;
Q9NVZ3;NECAP2;1;;;
Q9Y3E7;CHMP3;1;;;
P15954;COX7C;1;;;
P49643;PRIM2;1;;;
P83111;LACTB;1;;;
P61011;SRP54;1;;;
Q9Y2Z2;MTO1;1;;;
P53990;IST1;1;;;
P40763;STAT3;1;;;
Q92667;AKAP1;1;;;
P63104;YWHAZ;1;;;
Q8N442;GUF1;1;;;
Q99439;CNN2;1;;;
Q86SX3;TEDC1;1;;;
A0MZ66;SHTN1;1;;;
O75947;ATP5PD;1;;;
P26583;HMGB2;1;;;
P82673;MRPS35;1;;;
Q6P087;RPUSD3;1;;;
Q0VDF9;HSPA14;1;;;
P82650;MRPS22;1;;;
Q93063;EXT2;1;;;
P00390;GSR;1;;;
P47756;CAPZB;1;;;
P68402;PAFAH1B2;1;;;
Q9UHI8;ADAMTS1;1;;;
P17655;CAPN2;1;;;
P11142;HSPA8;1;;;
Q9BW27;NUP85;1;;;
P52565;ARHGDIA;1;;;
P11021;HSPA5;1;;yes;
Q9UK39;NOCT;1;;;
O60333;KIF1B;1;;;
P42025;ACTR1B;1;;;
O14777;NDC80;1;;;
P82664;MRPS10;1;;;
Q5SW79;CEP170;1;;;
Q96HV5;TMEM41A;1;;;
Q99638;RAD9A;1;;;
O15120;AGPAT2;1;;;
Q08623;PUDP;1;;;
P57740;NUP107;1;;;
Q9C0F1;CEP44;1;;;
Q0P6H9;TMEM62;1;;;
P32929;CTH;1;;;
Q6NXT1;ANKRD54;1;;;
Q92968;PEX13;1;;;
P49841;GSK3B;1;;;
O75323;NIPSNAP2;1;;;
Q14696;MESD;1;;;
A0FGR8;ESYT2;1;;yes;
P54709;ATP1B3;1;;;
Q02750;MAP2K1;1;;;
Q5T2E6;ARMH3;1;;;
Q676U5;ATG16L1;1;;;
Q08AM6;VAC14;1;;;
Q96P47;AGAP3;1;;;
P61225;RAP2B;1;;;
P04844;RPN2;1;;yes;
Q05655;PRKCD;1;;;
Q5T2R2;PDSS1;1;;;
Q9BW72;HIGD2A;1;;;
O95747;OXSR1;1;;;
O00488;ZNF593;1;;;
O95453;PARN;1;;;
Q96T37;RBM15;1;;;
Q9NW08;POLR3B;1;;;
O75175;CNOT3;1;;;
O60563;CCNT1;1;;;
O14757;CHEK1;1;;;
P00568;AK1;1;;;
P34896;SHMT1;1;;;
Q9BTY7;HGH1;1;;;
Q96ST3;SIN3A;1;;;
Q8IX05;CD302;1;;;
Q9NRX5;SERINC1;1;;yes;
Q86UE8;TLK2;1;;;
Q14596;NBR1;1;;;
Q5ZPR3;CD276;1;;;
Q9Y251;HPSE;1;;;
P15529;CD46;1;;;
Q96J84;KIRREL1;1;;;
P56192;MARS1;1;;yes;
Q9H0H5;RACGAP1;1;;;
Q10471;GALNT2;1;;yes;
Q9UPR3;SMG5;1;;;
P51809;VAMP7;1;;;
Q9HB90;RRAGC;1;;;
Q9H4M9;EHD1;1;;;
Q6IAA8;LAMTOR1;1;;;
P55011;SLC12A2;1;;;
P51148;RAB5C;1;;;
P56556;NDUFA6;1;;;
Q16718;NDUFA5;1;;;
Q13614;MTMR2;1;;;
O43768;ENSA;1;;;
Q2M389;WASHC4;1;;;
Q9NZQ3;NCKIPSD;1;;;
Q9UNI6;DUSP12;1;;;
Q9Y297;BTRC;1;;;
P09496;CLTA;1;;;
Q13868;EXOSC2;1;;;
P49368;CCT3;1;;;
O75475;PSIP1;1;;;
Q9Y3P9;RABGAP1;1;;;
Q12905;ILF2;1;;;
P35609;ACTN2;1;;;
Q9UI10;EIF2B4;1;;;
Q9UBD5;ORC3;1;;;
P20337;RAB3B;1;;;
Q9NVC6;MED17;1;;;
O43156;TTI1;1;;;
Q9Y237;PIN4;1;;;
P41250;GARS1;1;;;
Q8N806;UBR7;1;;;
Q9ULM6;CNOT6;1;;;
P07741;APRT;1;;;
Q7KZI7;MARK2;1;;;
Q9BVI4;NOC4L;1;;;
Q9Y5J1;UTP18;1;;;
Q07955;SRSF1;1;;;
Q9UHY1;NRBP1;1;;;
P07910;HNRNPC;1;;;
P05198;EIF2S1;1;;;
O75494;SRSF10;1;;;
P09651;HNRNPA1;1;;;
O43818;RRP9;1;;;
O60701;UGDH;1;;;
Q9UII2;ATP5IF1;1;;;
O43663;PRC1;1;;;
O00571;DDX3X;1;;;
Q5W0Z9;ZDHHC20;1;;;
P13798;APEH;1;;;
Q9UJ70;NAGK;1;;;
P49590;HARS2;1;;;
Q96EB6;SIRT1;1;;;
P25325;MPST;1;;;
Q9UDY2;TJP2;1;;;
Q9Y5A9;YTHDF2;1;;;
O15360;FANCA;1;;;
Q99575;POP1;1;;;
Q96F86;EDC3;1;;;
Q9Y2D4;EXOC6B;1;;;
Q9H2H8;PPIL3;1;;;
O15020;SPTBN2;1;;;
Q68CQ4;UTP25;1;;;
Q9BQ39;DDX50;1;;;
Q15019;SEPTIN2;1;;;
Q92688;ANP32B;1;;;
O94826;TOMM70;1;;;
Q9NYU2;UGGT1;1;;;
P19174;PLCG1;1;;;
Q99598;TSNAX;1;;;
Q14155;ARHGEF7;1;;;
Q9GZT3;SLIRP;1;;;
Q9BPU6;DPYSL5;1;;;
Q9H269;VPS16;1;;;
Q9UBF8;PI4KB;1;;;
Q6PI48;DARS2;1;;;
Q96T88;UHRF1;1;;;
Q13547;HDAC1;1;;;
Q9NVN8;GNL3L;1;;;
Q8WVX9;FAR1;1;;;
Q5TC12;ATPAF1;1;;;
Q6I9Y2;THOC7;1;;;
Q96EU6;RRP36;1;;;
Q15007;WTAP;1;;;
O15270;SPTLC2;1;;;
Q9BQ67;GRWD1;1;;;
P02794;FTH1;1;;yes;
Q96B26;EXOSC8;1;;;
Q9Y2Z9;COQ6;1;;;
Q12765;SCRN1;1;;yes;
Q9Y3E1;HDGFL3;1;;;
Q96EA4;SPDL1;1;;;
Q15051;IQCB1;1;;;
Q9H814;PHAX;1;;;
Q00403;GTF2B;1;;;
Q9UKY7;CDV3;1;;;
P49761;CLK3;1;;;
Q9HD42;CHMP1A;1;;;
Q99541;PLIN2;1;;;
Q8N3Z3;GTPBP8;1;;;
Q96HH6;TMEM19;1;;;
Q16890;TPD52L1;1;;;
P60520;GABARAPL2;1;;;
Q32NB8;PGS1;1;;;
Q9UL54;TAOK2;1;;;
Q7L7X3;TAOK1;1;;;
P36871;PGM1;1;;;
Q9BTW9;TBCD;1;;;
Q5TAX3;TUT4;1;;;
Q9BRX5;GINS3;1;;;
Q15287;RNPS1;1;;;
Q9UJZ1;STOML2;1;;;
A2RTX5;TARS3;1;;;
Q96DM3;RMC1;1;;;
P53680;AP2S1;1;;;
Q14964;RAB39A;1;;;
Q7Z6K3;PTAR1;1;;;
Q9BTV6;DPH7;1;;;
Q9UIC8;LCMT1;1;;;
Q08117;TLE5;1;;;
Q13451;FKBP5;1;;;
O75530;EED;1;;;
O75695;RP2;1;;;
Q9ULE6;PALD1;1;;;
Q96F25;ALG14;1;;;
Q9BPY3;FAM118B;1;;;
P42574;CASP3;1;;;
Q6ZQQ6;WDR87;1;;;
Q3B7T1;EDRF1;1;;;
Q9UIA9;XPO7;1;;;
Q92841;DDX17;1;;;
O14972;VPS26C;1;;;
Q96KC2;ARL5B;1;;;
O95873;C6orf47;1;;;
Q6IC98;GRAMD4;1;;;
Q96RT7;TUBGCP6;1;;;
Q86W74;ANKRD46;1;;;
O14957;UQCR11;1;;;
Q9BYC5;FUT8;1;;;
Q8TC12;RDH11;1;;;
Q96S52;PIGS;1;;;
Q68D91;MBLAC2;1;;yes;
O15235;MRPS12;1;;;
Q8N766;EMC1;1;;;
O75131;CPNE3;1;;;
Q6ZNB6;NFXL1;1;;;
Q12770;SCAP;1;;;
Q9H6R6;ZDHHC6;1;;;
Q9H3K6;"BOLA2; BOLA2B";1;;yes;
Q9NWS0;PIH1D1;1;;;
Q9Y3E5;PTRH2;1;;;
Q96GC5;MRPL48;1;;;
P49411;TUFM;1;;;
Q00535;CDK5;1;;yes;
Q69YQ0;SPECC1L;1;;;
Q96ST2;IWS1;1;;;
O00459;PIK3R2;1;;;
P04792;HSPB1;1;;;
Q9Y2C4;EXOG;1;;;
O15514;POLR2D;1;;;
P08579;SNRPB2;1;;;
Q8TD30;GPT2;1;;;
Q9H1I8;ASCC2;1;;;
Q9Y224;RTRAF;1;;;
O94915;FRYL;1;;;
O60921;HUS1;1;;;
Q8N3F8;MICALL1;1;;;
Q7L7V1;DHX32;1;;;
Q9Y5B6;PAXBP1;1;;;
Q92530;PSMF1;1;;;
O95155;UBE4B;1;;;
Q9UNE7;STUB1;1;;;
A5PLL7;PEDS1;1;;;
Q9Y5U8;MPC1;1;;;
Q8NE62;CHDH;1;;;
Q9Y672;ALG6;1;;;
O75122;CLASP2;1;;;
Q9H981;ACTR8;1;;;
O43909;EXTL3;1;;;
P25398;RPS12;1;;;
Q8WVV9;HNRNPLL;1;;;
Q9NT62;ATG3;1;;;
Q92747;ARPC1A;1;;;
P62273;RPS29;1;;;
O43347;MSI1;1;;;
Q9Y3Q3;TMED3;1;;;
Q9BTE3;MCMBP;1;;;
O60271;SPAG9;1;;;
Q96C90;PPP1R14B;1;;;
Q9H2H9;SLC38A1;1;;;
P54289;CACNA2D1;1;;;
O75608;LYPLA1;1;;;
O75179;ANKRD17;1;;;
O00629;KPNA4;1;;;
O60678;PRMT3;1;;;
Q9Y2S7;POLDIP2;1;;;
Q9NY12;GAR1;1;;;
Q5BJD5;TMEM41B;1;;;
Q9NU22;MDN1;1;;;
Q96EV8;DTNBP1;1;;;
A9UHW6;MIF4GD;1;;;
Q5RKV6;EXOSC6;1;;;
P46100;ATRX;1;;;
