A0AV02	SLC
A0AV02	Transporters
A0FGR8	Transporters
A0FGR9	Transporters
A0PJK1	SLC
A0PJK1	Transporters
A0PJW6	Transporters
A0PK11	Transporters
A1A5B4	Transporters
A1A5C7	SLC
A1A5C7	Transporters
A1L020	E3_Ligase
A1L453	Protease
A1YPR0	E3_Ligase
A2A3K4	Phosphatase
A2VEC9	Transporters
A3KFT3	GPCR
A4D1T9	Protease
A4D256	Phosphatase
A4D2G3	GPCR
A4FU01	Phosphatase
A4IF30	SLC
A4IF30	Transporters
A5LHX3	Protease
A6NC51	Transporters
A6NCF5	E3_Ligase
A6NCV1	GPCR
A6NCW0	Protease
A6ND01	Transporters
A6ND48	GPCR
A6NDG6	Phosphatase
A6NDH6	GPCR
A6NDI0	E3_Ligase
A6NDL8	GPCR
A6NDV4	Transporters
A6NE02	E3_Ligase
A6NET4	GPCR
A6NF01	Transporters
A6NF89	GPCR
A6NFC9	GPCR
A6NFU8	Protease
A6NFX1	SLC
A6NFX1	Transporters
A6NGA9	Transporters
A6NGJ6	E3_Ligase
A6NH00	GPCR
A6NHA9	GPCR
A6NHC0	Protease
A6NHG9	GPCR
A6NI61	Transporters
A6NIJ9	GPCR
A6NIM6	SLC
A6NIM6	Transporters
A6NJZ3	GPCR
A6NK02	E3_Ligase
A6NK59	E3_Ligase
A6NK97	Transporters
A6NKK0	GPCR
A6NKX4	SLC
A6NKX4	Transporters
A6NL08	GPCR
A6NL26	GPCR
A6NL88	Transporters
A6NLU0	E3_Ligase
A6NM03	GPCR
A6NM76	GPCR
A6NML5	Transporters
A6NMS3	GPCR
A6NND4	GPCR
A6NNE9	E3_Ligase
A6NNN8	SLC
A6NNN8	Transporters
A6NNY8	Protease
A6QL63	E3_Ligase
A8CG34	Transporters
A8K0Z3	Transporters
A8K7I4	Transporters
A8MUK1	Protease
A8MX76	Protease
B0YJ81	Phosphatase
B2RN74	GPCR
B2RUZ4	Transporters
B4DS77	Transporters
B8ZZ34	Transporters
B9EJG8	Transporters
C9J1S8	E3_Ligase
C9JVW0	Transporters
G3V0H7	SLC
G3V0H7	Transporters
I1YAP6	E3_Ligase
L0R6Q1	SLC
O00141	Kinase
O00144	GPCR
O00155	GPCR
O00159	Transporters
O00161	Transporters
O00167	Phosphatase
O00168	Transporters
O00187	Protease
O00189	Transporters
O00206	Transporters
O00222	GPCR
O00237	E3_Ligase
O00238	Kinase
O00241	Transporters
O00254	GPCR
O00258	Transporters
O00270	GPCR
O00299	Transporters
O00303	Protease
O00305	Transporters
O00308	E3_Ligase
O00311	Kinase
O00322	Transporters
O00337	SLC
O00337	Transporters
O00341	SLC
O00341	Transporters
O00398	GPCR
O00400	SLC
O00400	Transporters
O00410	Transporters
O00418	Kinase
O00421	GPCR
O00422	Transporters
O00429	Transporters
O00444	Kinase
O00463	E3_Ligase
O00468	Transporters
O00471	Transporters
O00476	SLC
O00476	Transporters
O00482	Transporters
O00487	DUB
O00487	Protease
O00501	Transporters
O00505	Transporters
O00506	Kinase
O00507	DUB
O00507	Protease
O00526	Transporters
O00555	Transporters
O00560	Transporters
O00571	Transporters
O00574	GPCR
O00590	GPCR
O00623	E3_Ligase
O00623	Transporters
O00624	SLC
O00624	Transporters
O00628	Transporters
O00629	Transporters
O00631	Transporters
O00635	E3_Ligase
O00743	Phosphatase
O14493	Transporters
O14494	Phosphatase
O14495	Phosphatase
O14508	E3_Ligase
O14512	E3_Ligase
O14514	GPCR
O14520	Transporters
O14521	Transporters
O14522	Phosphatase
O14523	Transporters
O14524	Transporters
O14525	Transporters
O14543	E3_Ligase
O14544	E3_Ligase
O14578	Kinase
O14581	GPCR
O14595	Phosphatase
O14610	Transporters
O14626	GPCR
O14649	Transporters
O14672	Protease
O14672	Transporters
O14678	Transporters
O14681	Transporters
O14682	E3_Ligase
O14718	GPCR
O14730	Kinase
O14732	Phosphatase
O14733	Kinase
O14757	Kinase
O14773	Protease
O14786	Transporters
O14787	Transporters
O14791	Transporters
O14804	GPCR
O14815	Protease
O14818	Protease
O14828	Transporters
O14829	Phosphatase
O14830	Phosphatase
O14842	GPCR
O14842	Transporters
O14843	GPCR
O14863	SLC
O14863	Transporters
O14867	E3_Ligase
O14874	Kinase
O14894	Transporters
O14920	Kinase
O14936	Kinase
O14965	Kinase
O14974	Phosphatase
O14975	SLC
O14975	Transporters
O14976	Kinase
O14976	Phosphatase
O14980	Transporters
O15021	Kinase
O15033	E3_Ligase
O15056	Phosphatase
O15060	E3_Ligase
O15062	E3_Ligase
O15072	Protease
O15075	Kinase
O15111	Kinase
O15118	SLC
O15118	Transporters
O15126	Transporters
O15127	Transporters
O15131	Transporters
O15146	Kinase
O15146	Transporters
O15151	E3_Ligase
O15156	E3_Ligase
O15162	Transporters
O15164	E3_Ligase
O15194	Phosphatase
O15197	Kinase
O15204	Protease
O15209	E3_Ligase
O15218	GPCR
O15234	Transporters
O15244	SLC
O15244	Transporters
O15245	SLC
O15245	Transporters
O15247	Transporters
O15258	Transporters
O15260	Transporters
O15263	Transporters
O15264	Kinase
O15297	Phosphatase
O15303	GPCR
O15321	Transporters
O15344	E3_Ligase
O15354	GPCR
O15354	Transporters
O15355	Phosphatase
O15357	Phosphatase
O15374	SLC
O15375	SLC
O15375	Transporters
O15393	Protease
O15393	Transporters
O15397	Transporters
O15403	SLC
O15403	Transporters
O15427	SLC
O15427	Transporters
O15431	SLC
O15431	Transporters
O15432	SLC
O15432	Transporters
O15438	ABC
O15438	Transporters
O15439	ABC
O15439	Transporters
O15440	ABC
O15440	Transporters
O15484	Protease
O15504	Transporters
O15524	E3_Ligase
O15529	GPCR
O15530	Kinase
O15533	Transporters
O15537	Transporters
O15541	E3_Ligase
O15551	Transporters
O15552	GPCR
O15554	Transporters
O43164	E3_Ligase
O43167	E3_Ligase
O43184	Protease
O43184	Transporters
O43187	Kinase
O43193	GPCR
O43194	GPCR
O43194	Transporters
O43240	Protease
O43246	SLC
O43246	Transporters
O43255	E3_Ligase
O43255	Transporters
O43283	Kinase
O43293	Kinase
O43298	E3_Ligase
O43310	Transporters
O43315	Transporters
O43318	Kinase
O43323	Protease
O43353	Kinase
O43402	Transporters
O43405	Transporters
O43423	Phosphatase
O43426	Phosphatase
O43462	Protease
O43464	Protease
O43490	Transporters
O43506	Protease
O43511	SLC
O43511	Transporters
O43520	Transporters
O43521	Transporters
O43525	Transporters
O43526	Transporters
O43567	E3_Ligase
O43592	Transporters
O43603	GPCR
O43613	GPCR
O43614	GPCR
O43681	Transporters
O43683	Kinase
O43688	Phosphatase
O43715	Transporters
O43741	Kinase
O43747	Transporters
O43749	GPCR
O43752	Transporters
O43772	SLC
O43772	Transporters
O43781	Kinase
O43791	E3_Ligase
O43808	SLC
O43808	Transporters
O43812	Transporters
O43826	SLC
O43826	Transporters
O43829	E3_Ligase
O43847	Protease
O43865	Transporters
O43868	SLC
O43868	Transporters
O43869	GPCR
O43895	Protease
O43897	Protease
O43908	Transporters
O43914	Transporters
O43930	Kinase
O43933	Transporters
O43934	SLC
O60229	Kinase
O60235	Protease
O60237	Phosphatase
O60238	Transporters
O60241	GPCR
O60241	Transporters
O60242	GPCR
O60242	Transporters
O60259	Protease
O60260	E3_Ligase
O60285	Kinase
O60291	E3_Ligase
O60307	Kinase
O60312	Transporters
O60313	Transporters
O60318	Transporters
O60320	Transporters
O60337	E3_Ligase
O60343	Transporters
O60353	GPCR
O60359	Transporters
O60403	GPCR
O60404	GPCR
O60412	GPCR
O60431	GPCR
O60443	Transporters
O60477	Transporters
O60478	Transporters
O60493	Transporters
O60500	Transporters
O60566	Kinase
O60603	Transporters
O60637	Transporters
O60645	Transporters
O60662	E3_Ligase
O60669	SLC
O60669	Transporters
O60674	Kinase
O60683	E3_Ligase
O60683	Transporters
O60684	Transporters
O60706	ABC
O60706	Transporters
O60721	SLC
O60721	Transporters
O60729	Phosphatase
O60741	Transporters
O60755	GPCR
O60779	SLC
O60779	Transporters
O60826	Transporters
O60840	Transporters
O60858	E3_Ligase
O60882	Protease
O60883	GPCR
O60894	Transporters
O60895	Transporters
O60896	Transporters
O60911	Protease
O60927	Phosphatase
O60928	Transporters
O60931	Transporters
O60939	Transporters
O60942	Phosphatase
O75027	ABC
O75027	Transporters
O75061	Phosphatase
O75077	Protease
O75078	Protease
O75078	Transporters
O75084	GPCR
O75096	Transporters
O75110	Transporters
O75116	Kinase
O75143	Transporters
O75150	E3_Ligase
O75159	E3_Ligase
O75167	Phosphatase
O75170	Phosphatase
O75173	Protease
O75173	Transporters
O75185	Transporters
O75192	Transporters
O75311	Transporters
O75317	DUB
O75317	Protease
O75319	Phosphatase
O75340	Transporters
O75348	Transporters
O75365	Phosphatase
O75369	Transporters
O75381	Transporters
O75382	E3_Ligase
O75385	Kinase
O75387	SLC
O75387	Transporters
O75388	GPCR
O75426	E3_Ligase
O75436	Transporters
O75439	Protease
O75460	Kinase
O75460	Transporters
O75469	Transporters
O75473	GPCR
O75477	Transporters
O75582	Kinase
O75592	E3_Ligase
O75604	DUB
O75604	Protease
O75631	Transporters
O75676	Kinase
O75677	E3_Ligase
O75679	E3_Ligase
O75688	Phosphatase
O75694	Transporters
O75712	Transporters
O75716	Kinase
O75746	SLC
O75746	Transporters
O75751	SLC
O75751	Transporters
O75762	Transporters
O75783	Protease
O75787	Transporters
O75808	Protease
O75841	Transporters
O75844	Protease
O75844	Transporters
O75899	GPCR
O75899	Transporters
O75900	Protease
O75900	Transporters
O75907	Transporters
O75914	Kinase
O75915	Transporters
O75923	Transporters
O75954	Transporters
O75955	Transporters
O75962	Kinase
O75976	Protease
O76000	GPCR
O76001	GPCR
O76002	GPCR
O76024	Transporters
O76039	Kinase
O76050	E3_Ligase
O76064	E3_Ligase
O76070	Transporters
O76080	E3_Ligase
O76082	SLC
O76082	Transporters
O76090	Transporters
O76094	Transporters
O76099	GPCR
O76100	GPCR
O94759	Transporters
O94768	Kinase
O94778	Transporters
O94782	DUB
O94782	Protease
O94804	Kinase
O94806	Kinase
O94817	Transporters
O94819	E3_Ligase
O94822	E3_Ligase
O94829	Transporters
O94844	E3_Ligase
O94889	E3_Ligase
O94901	Transporters
O94905	Transporters
O94910	GPCR
O94911	ABC
O94911	Transporters
O94921	Kinase
O94941	E3_Ligase
O94952	E3_Ligase
O94955	E3_Ligase
O94956	SLC
O94956	Transporters
O94966	DUB
O94966	Protease
O94972	E3_Ligase
O94973	Transporters
O94979	Transporters
O95006	GPCR
O95007	GPCR
O95013	GPCR
O95047	GPCR
O95067	Transporters
O95071	E3_Ligase
O95084	Protease
O95136	GPCR
O95140	Transporters
O95147	Phosphatase
O95155	E3_Ligase
O95159	E3_Ligase
O95166	Transporters
O95180	Transporters
O95199	E3_Ligase
O95202	SLC
O95202	Transporters
O95210	Transporters
O95221	GPCR
O95222	GPCR
O95248	Phosphatase
O95255	ABC
O95255	Transporters
O95258	SLC
O95258	Transporters
O95259	Transporters
O95271	Transporters
O95278	Phosphatase
O95279	Transporters
O95292	Transporters
O95295	Transporters
O95342	ABC
O95342	Transporters
O95352	Transporters
O95365	E3_Ligase
O95371	GPCR
O95373	Transporters
O95376	E3_Ligase
O95379	Protease
O95382	Kinase
O95406	Transporters
O95436	SLC
O95436	Transporters
O95450	Protease
O95471	Transporters
O95476	Phosphatase
O95477	ABC
O95477	Transporters
O95490	GPCR
O95490	Transporters
O95528	SLC
O95528	Transporters
O95563	SLC
O95563	Transporters
O95625	E3_Ligase
O95626	Phosphatase
O95628	E3_Ligase
O95630	DUB
O95630	Protease
O95665	GPCR
O95672	Protease
O95677	Phosphatase
O95685	Phosphatase
O95714	E3_Ligase
O95747	Kinase
O95782	Transporters
O95800	GPCR
O95807	Transporters
O95819	Kinase
O95832	Transporters
O95833	Transporters
O95835	Kinase
O95838	GPCR
O95847	SLC
O95847	Transporters
O95848	Phosphatase
O95858	Transporters
O95859	Transporters
O95861	Phosphatase
O95907	SLC
O95907	Transporters
O95918	GPCR
O95965	Transporters
O95977	GPCR
O95989	Phosphatase
O96005	Transporters
O96008	Transporters
O96009	Protease
O96013	Kinase
O96017	Kinase
O96028	E3_Ligase
P00395	Transporters
P00403	Transporters
P00414	Transporters
P00450	Transporters
P00505	Transporters
P00519	Kinase
P00533	Kinase
P00540	Kinase
P00734	Protease
P00736	Protease
P00738	Protease
P00739	Protease
P00740	Protease
P00742	Protease
P00746	Protease
P00747	Protease
P00748	Protease
P00749	Protease
P00750	Protease
P00751	Protease
P00797	Protease
P01210	Transporters
P01213	Transporters
P01583	Transporters
P01584	Transporters
P01730	Transporters
P01909	Transporters
P01920	Transporters
P02144	Transporters
P02708	Transporters
P02730	SLC
P02730	Transporters
P02743	Transporters
P02786	Protease
P02786	Transporters
P02788	Protease
P02808	Transporters
P03951	Protease
P03952	Protease
P03956	Protease
P03999	GPCR
P04000	Transporters
P04035	Transporters
P04049	Kinase
P04070	Protease
P04080	Transporters
P04083	Transporters
P04156	Transporters
P04201	GPCR
P04233	Transporters
P04271	Transporters
P04439	Transporters
P04626	Kinase
P04629	Kinase
P04637	Transporters
P04839	Transporters
P04843	Transporters
P04844	Transporters
P04920	SLC
P04920	Transporters
P05023	Transporters
P05026	Transporters
P05067	Transporters
P05129	Kinase
P05141	SLC
P05141	Transporters
P05156	Protease
P05362	Transporters
P05556	Transporters
P05771	Kinase
P05771	Transporters
P05981	Protease
P06213	Kinase
P06239	Kinase
P06241	Kinase
P06401	Transporters
P06493	Kinase
P06493	Transporters
P06681	Protease
P06756	Transporters
P06870	Protease
P06881	Transporters
P07288	Protease
P07332	Kinase
P07333	Kinase
P07339	Protease
P07355	Transporters
P07357	Transporters
P07384	Protease
P07477	Protease
P07478	Protease
P07510	Transporters
P07550	GPCR
P07550	Transporters
P07711	Protease
P07766	Transporters
P07858	Protease
P07947	Kinase
P07948	Kinase
P07949	Kinase
P08034	Transporters
P08069	Kinase
P08100	GPCR
P08100	Transporters
P08133	Transporters
P08172	GPCR
P08173	GPCR
P08183	ABC
P08183	Transporters
P08195	SLC
P08195	Transporters
P08217	Protease
P08218	Protease
P08246	Protease
P08247	Transporters
P08253	Protease
P08254	Protease
P08311	Protease
P08473	Protease
P08571	Transporters
P08575	Phosphatase
P08575	Transporters
P08581	Kinase
P08588	GPCR
P08588	Transporters
P08631	Kinase
P08709	Protease
P08758	Transporters
P08861	Protease
P08908	GPCR
P08908	Transporters
P08912	GPCR
P08913	GPCR
P08913	Transporters
P08922	Kinase
P08962	Transporters
P09038	Transporters
P09093	Protease
P09131	SLC
P09131	Transporters
P09132	Transporters
P09237	Protease
P09238	Protease
P09496	Transporters
P09497	Transporters
P09619	Kinase
P09668	Protease
P09769	Kinase
P09871	Protease
P09936	DUB
P09936	Protease
P09958	Protease
P09960	Protease
P0C0E4	E3_Ligase
P0C1S8	Kinase
P0C263	Kinase
P0C264	Kinase
P0C2W1	E3_Ligase
P0C617	GPCR
P0C645	GPCR
P0C646	GPCR
P0C6T2	Transporters
P0C7N5	GPCR
P0C7Q5	SLC
P0C7Q5	Transporters
P0C7Q6	SLC
P0C7Q6	Transporters
P0C7T3	GPCR
P0C851	Transporters
P0C862	Transporters
P0CI25	E3_Ligase
P0CK96	SLC
P0CK96	Transporters
P0CK97	SLC
P0CW18	Protease
P0DI80	Transporters
P0DJD7	Protease
P0DJD8	Protease
P0DJD9	Protease
P0DKB6	SLC
P0DMQ5	Transporters
P0DMS8	GPCR
P0DMT0	Transporters
P0DN84	Transporters
P10074	E3_Ligase
P10144	Protease
P10176	Transporters
P10323	Protease
P10398	Kinase
P10415	Transporters
P10586	Phosphatase
P10606	Transporters
P10619	Protease
P10721	Kinase
P11021	Transporters
P11166	SLC
P11166	Transporters
P11168	SLC
P11168	Transporters
P11169	SLC
P11169	Transporters
P11171	Transporters
P11229	GPCR
P11230	Transporters
P11274	Kinase
P11279	Transporters
P11309	Kinase
P11362	Kinase
P11362	Transporters
P11473	Transporters
P11532	Transporters
P11597	Transporters
P11717	Transporters
P11801	Kinase
P11802	Kinase
P11836	Transporters
P12235	SLC
P12235	Transporters
P12236	SLC
P12236	Transporters
P12270	Transporters
P12544	Protease
P12821	Protease
P12931	Kinase
P12931	Transporters
P12955	Protease
P13073	Transporters
P13164	Transporters
P13473	Transporters
P13497	Protease
P13498	Transporters
P13569	ABC
P13569	Transporters
P13637	Transporters
P13671	Transporters
P13798	Protease
P13866	SLC
P13866	Transporters
P13945	GPCR
P14091	Protease
P14210	Protease
P14222	Transporters
P14373	E3_Ligase
P14384	Protease
P14406	Transporters
P14416	GPCR
P14416	Transporters
P14616	Kinase
P14635	Transporters
P14672	SLC
P14672	Transporters
P14735	Protease
P14778	Transporters
P14780	Protease
P14784	Transporters
P14867	Transporters
P15056	Kinase
P15085	Protease
P15086	Protease
P15088	Protease
P15144	Protease
P15169	Protease
P15328	Transporters
P15374	DUB
P15374	Protease
P15515	Transporters
P15516	Transporters
P15735	Kinase
P15918	E3_Ligase
P15954	Transporters
P16066	Kinase
P16066	Transporters
P16157	Transporters
P16234	Kinase
P16260	SLC
P16260	Transporters
P16298	Phosphatase
P16389	E3_Ligase
P16389	Transporters
P16444	Protease
P16473	GPCR
P16519	Protease
P16591	Kinase
P16671	Transporters
P16870	Protease
P17181	Transporters
P17213	Transporters
P17252	Kinase
P17538	Protease
P17612	Kinase
P17655	Protease
P17658	E3_Ligase
P17658	Transporters
P17677	Transporters
P17706	Phosphatase
P17787	Transporters
P17948	Kinase
P18031	Phosphatase
P18089	GPCR
P18428	Transporters
P18433	Phosphatase
P18507	Transporters
P18577	Transporters
P18583	Transporters
P18825	GPCR
P18827	Transporters
P19397	Transporters
P19440	Protease
P19474	E3_Ligase
P19525	Kinase
P19634	SLC
P19634	Transporters
P19784	Kinase
P20142	Protease
P20142	Transporters
P20151	Protease
P20160	Protease
P20231	Protease
P20309	GPCR
P20592	Transporters
P20594	Kinase
P20594	Transporters
P20618	Protease
P20645	Transporters
P20648	Transporters
P20674	Transporters
P20701	Transporters
P20718	Protease
P20794	Kinase
P20807	Protease
P20963	Transporters
P21127	Kinase
P21128	Protease
P21281	Transporters
P21283	Transporters
P21333	Transporters
P21439	ABC
P21439	Transporters
P21452	GPCR
P21453	GPCR
P21453	Transporters
P21462	GPCR
P21554	GPCR
P21554	Transporters
P21579	Transporters
P21580	DUB
P21580	E3_Ligase
P21580	Protease
P21709	Kinase
P21728	GPCR
P21730	GPCR
P21730	Transporters
P21731	GPCR
P21802	Kinase
P21817	Transporters
P21860	Kinase
P21912	Transporters
P21917	GPCR
P21918	GPCR
P21926	Transporters
P22001	E3_Ligase
P22001	Transporters
P22455	Kinase
P22455	Transporters
P22459	E3_Ligase
P22459	Transporters
P22460	E3_Ligase
P22460	Transporters
P22607	Kinase
P22612	Kinase
P22676	Transporters
P22681	E3_Ligase
P22694	Kinase
P22732	SLC
P22749	Transporters
P22792	Protease
P22888	GPCR
P22891	Protease
P22894	Protease
P23229	Transporters
P23276	Protease
P23297	Transporters
P23415	Transporters
P23416	Transporters
P23443	Kinase
P23458	Kinase
P23467	Phosphatase
P23468	Phosphatase
P23469	Phosphatase
P23470	Phosphatase
P23471	Phosphatase
P23582	Transporters
P23634	Transporters
P23763	Transporters
P23942	Transporters
P23945	GPCR
P23945	Transporters
P23946	Protease
P23975	SLC
P23975	Transporters
P24046	Transporters
P24158	Protease
P24278	E3_Ligase
P24310	Transporters
P24347	Protease
P24390	Transporters
P24394	Transporters
P24530	GPCR
P24588	Transporters
P24666	Phosphatase
P24723	Kinase
P24941	Kinase
P25021	GPCR
P25024	GPCR
P25025	GPCR
P25089	GPCR
P25090	GPCR
P25092	Kinase
P25092	Transporters
P25098	Kinase
P25100	GPCR
P25101	GPCR
P25103	GPCR
P25105	GPCR
P25105	Transporters
P25106	GPCR
P25116	GPCR
P25774	Protease
P25786	Protease
P25787	Protease
P25788	Protease
P25789	Protease
P25874	SLC
P25874	Transporters
P25929	GPCR
P26045	Phosphatase
P26678	Transporters
P26718	Transporters
P26927	Protease
P27037	Kinase
P27105	Transporters
P27169	Transporters
P27361	Kinase
P27448	Kinase
P27487	Protease
P28062	Protease
P28065	Protease
P28066	Protease
P28070	Protease
P28072	Protease
P28074	Protease
P28221	GPCR
P28222	GPCR
P28222	Transporters
P28223	GPCR
P28288	Transporters
P28328	E3_Ligase
P28328	Transporters
P28335	GPCR
P28336	GPCR
P28472	Transporters
P28482	Kinase
P28562	Phosphatase
P28566	GPCR
P28827	Phosphatase
P28838	Protease
P29033	Transporters
P29074	Phosphatase
P29120	Protease
P29122	Protease
P29144	Protease
P29218	Phosphatase
P29274	GPCR
P29274	Transporters
P29275	GPCR
P29317	Kinase
P29320	Kinase
P29322	Kinase
P29323	Kinase
P29350	Phosphatase
P29371	GPCR
P29376	Kinase
P29466	Protease
P29590	E3_Ligase
P29597	Kinase
P29972	Transporters
P29992	Transporters
P30153	Phosphatase
P30154	Phosphatase
P30291	Kinase
P30301	Protease
P30304	Phosphatase
P30305	Phosphatase
P30307	Phosphatase
P30411	GPCR
P30411	Transporters
P30518	GPCR
P30518	Transporters
P30530	Kinase
P30531	SLC
P30531	Transporters
P30542	GPCR
P30542	Transporters
P30550	GPCR
P30556	GPCR
P30556	Transporters
P30559	GPCR
P30559	Transporters
P30825	SLC
P30825	Transporters
P30872	GPCR
P30874	GPCR
P30939	GPCR
P30953	GPCR
P30953	Transporters
P30954	GPCR
P30968	GPCR
P30968	Transporters
P30988	GPCR
P30988	Transporters
P30989	GPCR
P30989	Transporters
P31040	Transporters
P31152	Kinase
P31213	Transporters
P31391	GPCR
P31415	Transporters
P31431	Transporters
P31639	SLC
P31639	Transporters
P31641	SLC
P31641	Transporters
P31645	SLC
P31645	Transporters
P31749	Kinase
P31749	Transporters
P31751	Kinase
P31944	Protease
P32019	Phosphatase
P32121	Transporters
P32238	GPCR
P32239	GPCR
P32241	GPCR
P32241	Transporters
P32245	GPCR
P32245	Transporters
P32246	GPCR
P32247	GPCR
P32248	GPCR
P32249	GPCR
P32298	Kinase
P32302	GPCR
P32418	SLC
P32418	Transporters
P32745	GPCR
P32745	Transporters
P33032	GPCR
P33176	Transporters
P33527	ABC
P33527	Transporters
P33897	Transporters
P33981	Kinase
P34903	Transporters
P34925	Kinase
P34947	Kinase
P34969	GPCR
P34972	GPCR
P34972	Transporters
P34981	GPCR
P34981	Transporters
P34982	GPCR
P34995	GPCR
P34995	Transporters
P34998	GPCR
P34998	Transporters
P35030	Protease
P35125	DUB
P35125	Protease
P35212	Transporters
P35226	E3_Ligase
P35227	E3_Ligase
P35236	Phosphatase
P35243	Transporters
P35346	GPCR
P35348	GPCR
P35367	GPCR
P35368	GPCR
P35372	GPCR
P35372	Transporters
P35408	GPCR
P35410	GPCR
P35414	GPCR
P35414	Transporters
P35462	GPCR
P35462	Transporters
P35498	Transporters
P35499	Transporters
P35523	Transporters
P35590	Kinase
P35609	Transporters
P35626	Kinase
P35658	Transporters
P35670	Transporters
P35813	Phosphatase
P35916	Kinase
P35968	Kinase
P35998	Protease
P36021	SLC
P36021	Transporters
P36269	Protease
P36383	Transporters
P36406	E3_Ligase
P36507	Kinase
P36543	Transporters
P36544	Transporters
P36776	Protease
P36873	Phosphatase
P36888	Kinase
P36894	Kinase
P36896	Kinase
P36897	Kinase
P37023	Kinase
P37088	Transporters
P37108	Transporters
P37173	Kinase
P37198	Transporters
P37288	GPCR
P37840	Transporters
P38398	E3_Ligase
P38606	Transporters
P38919	Transporters
P39210	Transporters
P39656	Transporters
P39687	Phosphatase
P39900	Protease
P40306	Protease
P40313	Protease
P40337	E3_Ligase
P40818	DUB
P40818	Protease
P40855	Transporters
P40879	SLC
P40879	Transporters
P41002	E3_Ligase
P41143	GPCR
P41145	GPCR
P41145	Transporters
P41146	GPCR
P41180	GPCR
P41180	Transporters
P41181	Transporters
P41182	E3_Ligase
P41231	GPCR
P41231	Transporters
P41236	Phosphatase
P41240	Kinase
P41279	Kinase
P41440	SLC
P41440	Transporters
P41586	GPCR
P41586	Transporters
P41587	GPCR
P41594	GPCR
P41595	GPCR
P41595	Transporters
P41597	GPCR
P41732	Transporters
P41743	Kinase
P41968	GPCR
P42261	Transporters
P42262	Transporters
P42263	Transporters
P42336	Kinase
P42338	Kinase
P42345	Kinase
P42574	Protease
P42575	Protease
P42658	Protease
P42658	Transporters
P42679	Kinase
P42680	Kinase
P42681	Kinase
P42684	Kinase
P42685	Kinase
P42785	Protease
P42892	Protease
P43003	SLC
P43003	Transporters
P43004	SLC
P43004	Transporters
P43005	SLC
P43005	Transporters
P43007	SLC
P43007	Transporters
P43088	GPCR
P43115	GPCR
P43116	GPCR
P43119	GPCR
P43155	Transporters
P43220	GPCR
P43220	Transporters
P43234	Protease
P43235	Protease
P43250	Kinase
P43378	Phosphatase
P43403	Kinase
P43405	Kinase
P43657	GPCR
P43681	Transporters
P45452	Protease
P45844	Transporters
P45880	Transporters
P45974	DUB
P45974	Protease
P45983	Kinase
P45984	Kinase
P45985	Kinase
P46059	SLC
P46059	Transporters
P46060	Transporters
P46089	GPCR
P46091	GPCR
P46092	GPCR
P46093	GPCR
P46094	GPCR
P46095	GPCR
P46098	Transporters
P46100	E3_Ligase
P46459	Transporters
P46531	Transporters
P46663	GPCR
P46721	SLC
P46721	Transporters
P46734	Kinase
P46736	DUB
P46736	Protease
P46934	E3_Ligase
P46934	Transporters
P46977	Transporters
P47211	GPCR
P47775	GPCR
P47804	GPCR
P47869	Transporters
P47870	Transporters
P47871	GPCR
P47871	Transporters
P47872	GPCR
P47872	Transporters
P47881	GPCR
P47887	GPCR
P47888	GPCR
P47890	GPCR
P47893	GPCR
P47898	GPCR
P47900	GPCR
P47900	Transporters
P47901	GPCR
P47901	Transporters
P48029	SLC
P48029	Transporters
P48039	GPCR
P48039	Transporters
P48048	Transporters
P48050	Transporters
P48051	Transporters
P48052	Protease
P48065	SLC
P48065	Transporters
P48066	SLC
P48066	Transporters
P48067	SLC
P48067	Transporters
P48145	GPCR
P48146	GPCR
P48146	Transporters
P48147	Protease
P48165	Transporters
P48167	Transporters
P48230	Transporters
P48454	Phosphatase
P48509	Transporters
P48544	Transporters
P48546	GPCR
P48546	Transporters
P48547	E3_Ligase
P48547	Transporters
P48549	Transporters
P48664	SLC
P48664	Transporters
P48729	Kinase
P48730	Kinase
P48736	Kinase
P48740	Protease
P48745	Transporters
P48751	SLC
P48751	Transporters
P48764	SLC
P48764	Transporters
P48960	GPCR
P48960	Transporters
P48995	Transporters
P49019	GPCR
P49069	Transporters
P49137	Kinase
P49146	GPCR
P49190	GPCR
P49238	GPCR
P49279	SLC
P49279	Transporters
P49281	SLC
P49281	Transporters
P49286	GPCR
P49336	Kinase
P49407	Transporters
P49441	Phosphatase
P49447	Transporters
P49458	Transporters
P49593	Phosphatase
P49662	Protease
P49674	Kinase
P49682	GPCR
P49683	GPCR
P49685	GPCR
P49720	Protease
P49721	Protease
P49754	E3_Ligase
P49755	Transporters
P49759	Kinase
P49760	Kinase
P49761	Kinase
P49767	Transporters
P49768	Protease
P49768	Transporters
P49790	Transporters
P49792	Transporters
P49810	Protease
P49810	Transporters
P49840	Kinase
P49841	Kinase
P49842	Kinase
P49862	Protease
P49863	Protease
P49913	Transporters
P50052	GPCR
P50120	Transporters
P50281	Protease
P50281	Transporters
P50391	GPCR
P50406	GPCR
P50416	Transporters
P50443	SLC
P50443	Transporters
P50570	Transporters
P50579	Protease
P50613	Kinase
P50750	Kinase
P50876	E3_Ligase
P50993	Transporters
P50995	Transporters
P51124	Protease
P51149	Transporters
P51164	Transporters
P51168	Transporters
P51170	Transporters
P51172	Transporters
P51451	Kinase
P51452	Phosphatase
P51511	Protease
P51512	Protease
P51572	Transporters
P51582	GPCR
P51617	Kinase
P51665	Protease
P51677	GPCR
P51679	GPCR
P51681	GPCR
P51684	GPCR
P51685	GPCR
P51686	GPCR
P51784	DUB
P51784	Protease
P51787	Transporters
P51788	Transporters
P51793	Transporters
P51798	Transporters
P51810	GPCR
P51810	Transporters
P51811	Transporters
P51812	Kinase
P51813	Kinase
P51817	Kinase
P51841	Kinase
P51878	Protease
P51948	E3_Ligase
P51955	Kinase
P51956	Kinase
P51957	Kinase
P52292	Transporters
P52294	Transporters
P52298	Transporters
P52333	Kinase
P52564	Kinase
P52569	SLC
P52569	Transporters
P52739	E3_Ligase
P52888	Protease
P52948	Transporters
P53007	SLC
P53007	Transporters
P53041	Phosphatase
P53350	Kinase
P53355	Kinase
P53582	Protease
P53634	Protease
P53667	Kinase
P53671	Kinase
P53675	Transporters
P53680	Transporters
P53778	Kinase
P53779	Kinase
P53794	SLC
P53794	Transporters
P53804	E3_Ligase
P53985	SLC
P53985	Transporters
P54105	Transporters
P54219	SLC
P54219	Transporters
P54252	DUB
P54252	Protease
P54284	Transporters
P54289	Transporters
P54578	DUB
P54578	Protease
P54619	Kinase
P54646	Kinase
P54646	Transporters
P54707	Transporters
P54709	Transporters
P54710	Transporters
P54753	Kinase
P54756	Kinase
P54760	Kinase
P54760	Transporters
P54762	Kinase
P54764	Kinase
P54829	Phosphatase
P55000	Transporters
P55011	SLC
P55011	Transporters
P55017	SLC
P55017	Transporters
P55058	Transporters
P55060	Transporters
P55061	Transporters
P55064	Transporters
P55072	Transporters
P55085	GPCR
P55085	Transporters
P55087	Transporters
P55210	Protease
P55211	Protease
P55212	Protease
P55735	Transporters
P55786	Protease
P55851	SLC
P55851	Transporters
P55916	SLC
P55916	Transporters
P56180	Phosphatase
P56199	Transporters
P56202	Protease
P56373	Transporters
P56539	Transporters
P56557	Transporters
P56589	Transporters
P56696	Transporters
P56730	Protease
P56746	Transporters
P56748	Transporters
P56750	Transporters
P56817	Protease
P56817	Transporters
P56962	Transporters
P57057	SLC
P57057	Transporters
P57058	Kinase
P57059	Kinase
P57078	Kinase
P57088	Transporters
P57103	SLC
P57103	Transporters
P57105	Transporters
P57727	Protease
P57727	Transporters
P57740	Transporters
P57764	Transporters
P57775	E3_Ligase
P58170	GPCR
P58173	GPCR
P58180	GPCR
P58181	GPCR
P58182	GPCR
P58397	Protease
P58418	Transporters
P58549	Transporters
P58743	SLC
P58743	Transporters
P58753	Transporters
P58872	Protease
P59510	Protease
P59533	GPCR
P59533	Transporters
P59534	GPCR
P59535	GPCR
P59536	GPCR
P59537	GPCR
P59538	GPCR
P59540	GPCR
P59541	GPCR
P59542	GPCR
P59542	Transporters
P59543	GPCR
P59544	GPCR
P59551	GPCR
P59646	Transporters
P59665	Transporters
P60022	Transporters
P60033	Transporters
P60059	Transporters
P60468	Transporters
P60484	Phosphatase
P60508	Transporters
P60510	Phosphatase
P60602	Transporters
P60880	Transporters
P60893	GPCR
P60900	Protease
P60903	Transporters
P61009	Protease
P61011	Transporters
P61073	GPCR
P61073	Transporters
P61165	Transporters
P61221	Transporters
P61326	Transporters
P61421	Transporters
P61619	Transporters
P61764	Transporters
P61769	Transporters
P61803	Transporters
P61916	Transporters
P61966	Transporters
P62068	DUB
P62068	Protease
P62136	Phosphatase
P62140	Phosphatase
P62191	Protease
P62195	Protease
P62714	Phosphatase
P62826	Transporters
P62837	Transporters
P62873	Transporters
P62877	E3_Ligase
P62879	Transporters
P62942	Transporters
P62955	Transporters
P63010	Transporters
P63027	Transporters
P63092	Transporters
P63098	Phosphatase
P63104	Transporters
P63151	Phosphatase
P63241	Transporters
P63244	Transporters
P63252	Transporters
P63279	Transporters
P67775	Phosphatase
P67812	Protease
P68400	Kinase
P68871	Transporters
P69905	Transporters
P78310	Transporters
P78317	E3_Ligase
P78325	Protease
P78330	Phosphatase
P78352	Transporters
P78362	Kinase
P78363	ABC
P78363	Transporters
P78368	Kinase
P78381	SLC
P78381	Transporters
P78382	SLC
P78382	Transporters
P78383	SLC
P78383	Transporters
P78406	Transporters
P78508	Transporters
P78509	Protease
P78527	Kinase
P78536	Protease
P78536	Transporters
P78552	Transporters
P78562	Protease
P80192	Kinase
P80723	Transporters
P81172	Transporters
P81534	Transporters
P81605	Protease
P81605	Transporters
P82251	SLC
P82251	Transporters
P83105	Protease
P83110	Protease
P84074	Transporters
P98073	Protease
P98161	Transporters
P98164	Transporters
P98170	E3_Ligase
P98194	Transporters
P98196	Transporters
Q00005	Phosphatase
Q00325	SLC
Q00325	Transporters
Q00526	Kinase
Q00532	Kinase
Q00534	Kinase
Q00535	Kinase
Q00536	Kinase
Q00537	Kinase
Q00610	Transporters
Q008S8	E3_Ligase
Q00987	E3_Ligase
Q01105	Phosphatase
Q01362	Transporters
Q01453	Transporters
Q01469	Transporters
Q01484	Transporters
Q01628	Transporters
Q01629	Transporters
Q01650	SLC
Q01650	Transporters
Q01668	Transporters
Q01718	GPCR
Q01718	Transporters
Q01726	GPCR
Q01804	DUB
Q01814	Transporters
Q01959	SLC
Q01959	Transporters
Q01968	Phosphatase
Q01973	Kinase
Q01974	Kinase
Q02094	SLC
Q02094	Transporters
Q02156	Kinase
Q02161	Transporters
Q02221	Transporters
Q02246	Transporters
Q02410	Transporters
Q02643	GPCR
Q02643	Transporters
Q02750	Kinase
Q02763	Kinase
Q02779	Kinase
Q02846	Kinase
Q02846	Transporters
Q02978	SLC
Q02978	Transporters
Q03135	Transporters
Q03154	Protease
Q03169	Transporters
Q03431	GPCR
Q03431	Transporters
Q03518	ABC
Q03518	Transporters
Q03519	ABC
Q03519	Transporters
Q03721	E3_Ligase
Q04609	Protease
Q04656	Transporters
Q04671	SLC
Q04671	Transporters
Q04756	Protease
Q04759	Kinase
Q04771	Kinase
Q04844	Transporters
Q04912	Kinase
Q04941	Transporters
Q05086	E3_Ligase
Q05209	Phosphatase
Q05397	Kinase
Q05513	Kinase
Q05516	E3_Ligase
Q05586	Transporters
Q05655	Kinase
Q05823	Kinase
Q05923	Phosphatase
Q05940	SLC
Q05940	Transporters
Q05D32	Phosphatase
Q06124	Phosphatase
Q06141	Transporters
Q06187	Kinase
Q06190	Phosphatase
Q06418	Kinase
Q06432	Transporters
Q06495	SLC
Q06495	Transporters
Q06587	E3_Ligase
Q07001	Transporters
Q07002	Kinase
Q07021	Transporters
Q07065	Transporters
Q07075	Protease
Q07157	Transporters
Q07812	Transporters
Q07817	Transporters
Q07837	SLC
Q07837	Transporters
Q07912	Kinase
Q07954	Transporters
Q08209	Phosphatase
Q08289	Transporters
Q08345	Kinase
Q08357	SLC
Q08357	Transporters
Q08380	E3_Ligase
Q08623	Phosphatase
Q08722	Transporters
Q08881	Kinase
Q08AI6	SLC
Q08AI6	Transporters
Q09013	Kinase
Q09161	Transporters
Q09428	ABC
Q09428	Transporters
Q09470	E3_Ligase
Q0D2K0	SLC
Q0D2K0	Transporters
Q0D2K2	E3_Ligase
Q0GE19	SLC
Q0GE19	Transporters
Q0VDG4	Protease
Q0ZLH3	Transporters
Q10567	Transporters
Q10570	E3_Ligase
Q10589	Transporters
Q10713	Protease
Q12765	Protease
Q12767	Transporters
Q12769	Transporters
Q12791	Transporters
Q12792	Kinase
Q12797	Transporters
Q12829	E3_Ligase
Q12834	Transporters
Q12846	Transporters
Q12851	Kinase
Q12852	Kinase
Q12866	Kinase
Q12879	Transporters
Q12884	Protease
Q12899	E3_Ligase
Q12908	SLC
Q12908	Transporters
Q12912	Transporters
Q12913	Phosphatase
Q12923	Phosphatase
Q12933	E3_Ligase
Q12959	Transporters
Q12972	Phosphatase
Q12974	Phosphatase
Q12983	Transporters
Q12986	E3_Ligase
Q13043	Kinase
Q13049	E3_Ligase
Q13061	Transporters
Q13064	E3_Ligase
Q13105	E3_Ligase
Q13107	DUB
Q13107	Protease
Q13114	E3_Ligase
Q13115	Phosphatase
Q13131	Kinase
Q13153	Kinase
Q13163	Kinase
Q13164	Kinase
Q13177	Kinase
Q13183	SLC
Q13183	Transporters
Q13188	Kinase
Q13190	Transporters
Q13191	E3_Ligase
Q13202	Phosphatase
Q13219	Protease
Q13233	E3_Ligase
Q13233	Kinase
Q13237	Kinase
Q13255	GPCR
Q13255	Transporters
Q13258	GPCR
Q13263	E3_Ligase
Q13277	Transporters
Q13286	SLC
Q13286	Transporters
Q13304	GPCR
Q13308	Kinase
Q13309	E3_Ligase
Q13315	Kinase
Q13324	GPCR
Q13332	Phosphatase
Q13336	SLC
Q13336	Transporters
Q13356	E3_Ligase
Q13362	Phosphatase
Q13418	Kinase
Q13433	SLC
Q13433	Transporters
Q13438	Transporters
Q13443	Protease
Q13444	Protease
Q13445	Transporters
Q13454	SLC
Q13454	Transporters
Q13464	Kinase
Q13467	GPCR
Q13470	Kinase
Q13489	E3_Ligase
Q13490	E3_Ligase
Q13496	Phosphatase
Q13507	Transporters
Q13519	Transporters
Q13520	Transporters
Q13522	Phosphatase
Q13523	Kinase
Q13530	Transporters
Q13535	Kinase
Q13546	Kinase
Q13554	Kinase
Q13555	Kinase
Q13555	Transporters
Q13557	Kinase
Q13563	Transporters
Q13571	Transporters
Q13585	GPCR
Q13586	Transporters
Q13606	GPCR
Q13607	GPCR
Q13608	Transporters
Q13613	Phosphatase
Q13614	Phosphatase
Q13615	Phosphatase
Q13621	SLC
Q13621	Transporters
Q13627	Kinase
Q13635	Transporters
Q13639	GPCR
Q13683	Transporters
Q13698	Transporters
Q13702	E3_Ligase
Q13705	Kinase
Q13740	Transporters
Q13829	E3_Ligase
Q13838	Transporters
Q13867	Protease
Q13873	Kinase
Q13882	Kinase
Q13888	E3_Ligase
Q13936	Transporters
Q13939	E3_Ligase
Q13976	Kinase
Q14003	E3_Ligase
Q14003	Transporters
Q14004	Kinase
Q14012	Kinase
Q14028	Transporters
Q14108	Transporters
Q14118	Transporters
Q14139	E3_Ligase
Q14145	E3_Ligase
Q14164	Kinase
Q14241	E3_Ligase
Q14246	GPCR
Q14246	Transporters
Q14258	E3_Ligase
Q14289	Kinase
Q14296	Kinase
Q14315	Transporters
Q14330	GPCR
Q14332	GPCR
Q14390	Protease
Q14416	GPCR
Q14439	GPCR
Q14520	Protease
Q14524	Transporters
Q14526	E3_Ligase
Q14527	E3_Ligase
Q14542	SLC
Q14542	Transporters
Q14623	Protease
Q14642	Phosphatase
Q14643	Transporters
Q14654	Transporters
Q14656	Transporters
Q14669	E3_Ligase
Q14674	Protease
Q14677	Transporters
Q14680	Kinase
Q14681	E3_Ligase
Q14694	DUB
Q14694	Protease
Q14703	Protease
Q14721	E3_Ligase
Q14721	Transporters
Q14722	Transporters
Q14728	SLC
Q14738	Phosphatase
Q14764	Transporters
Q14790	Protease
Q14802	Transporters
Q14831	GPCR
Q14832	GPCR
Q14833	GPCR
Q14849	Transporters
Q14916	SLC
Q14916	Transporters
Q14940	SLC
Q14940	Transporters
Q14957	Transporters
Q14973	SLC
Q14973	Transporters
Q14974	Transporters
Q149N8	E3_Ligase
Q14CX5	SLC
Q14CX5	Transporters
Q14CZ8	Transporters
Q15005	Protease
Q15006	Transporters
Q15034	E3_Ligase
Q15035	Transporters
Q15036	Transporters
Q15040	DUB
Q15040	Protease
Q15043	SLC
Q15070	Transporters
Q15077	GPCR
Q15109	Transporters
Q15118	Kinase
Q15119	Kinase
Q15120	Kinase
Q15131	Kinase
Q15139	Kinase
Q15172	Phosphatase
Q15173	Phosphatase
Q15181	Phosphatase
Q15208	Kinase
Q15256	Phosphatase
Q15257	Phosphatase
Q15262	Phosphatase
Q15287	Transporters
Q15303	Kinase
Q15303	Transporters
Q15311	Transporters
Q15349	Kinase
Q15363	Transporters
Q15375	Kinase
Q15386	E3_Ligase
Q15391	GPCR
Q15393	E3_Ligase
Q15418	Kinase
Q15435	Phosphatase
Q15465	Protease
Q15546	Transporters
Q15569	Kinase
Q15599	Transporters
Q15612	GPCR
Q15615	GPCR
Q15617	GPCR
Q15619	GPCR
Q15620	GPCR
Q15622	GPCR
Q15629	Transporters
Q15678	Phosphatase
Q15722	GPCR
Q15722	Transporters
Q15735	Phosphatase
Q15743	GPCR
Q15746	Kinase
Q15751	E3_Ligase
Q15758	SLC
Q15758	Transporters
Q15759	Kinase
Q15760	GPCR
Q15761	GPCR
Q15772	Kinase
Q15818	Transporters
Q15831	Kinase
Q15835	Kinase
Q15836	Transporters
Q15842	Transporters
Q15848	Transporters
Q15849	SLC
Q15849	Transporters
Q15858	Transporters
Q15904	Transporters
Q15916	E3_Ligase
Q16099	Transporters
Q16143	Transporters
Q16281	Transporters
Q16288	Kinase
Q16322	E3_Ligase
Q16348	SLC
Q16348	Transporters
Q16478	Transporters
Q16512	Kinase
Q16513	Kinase
Q16531	E3_Ligase
Q16537	Phosphatase
Q16538	GPCR
Q16539	Kinase
Q16549	Protease
Q16558	Transporters
Q16566	Kinase
Q16570	GPCR
Q16572	SLC
Q16572	Transporters
Q16581	GPCR
Q16584	Kinase
Q16595	Transporters
Q16602	GPCR
Q16602	Transporters
Q16611	Transporters
Q16620	Kinase
Q16623	Transporters
Q16625	Transporters
Q16644	Kinase
Q16651	Protease
Q16654	Kinase
Q16659	Kinase
Q16667	Phosphatase
Q16671	Kinase
Q16690	Phosphatase
Q16739	Transporters
Q16740	Protease
Q16769	Protease
Q16799	Transporters
Q16816	Kinase
Q16819	Protease
Q16820	Protease
Q16820	Transporters
Q16821	Phosphatase
Q16825	Phosphatase
Q16827	Phosphatase
Q16828	Phosphatase
Q16829	Phosphatase
Q16832	Kinase
Q16849	Phosphatase
Q16864	Transporters
Q16891	Transporters
Q17RB8	E3_Ligase
Q1EHB4	SLC
Q1EHB4	Transporters
Q1L5Z9	E3_Ligase
Q1ZYL8	Transporters
Q24JP5	Transporters
Q24JQ0	SLC
Q2I0M4	Transporters
Q2KHN1	E3_Ligase
Q2KHT4	Transporters
Q2L4Q9	Protease
Q2M2I8	Kinase
Q2M385	Transporters
Q2M389	Transporters
Q2M3G0	ABC
Q2M3G0	Transporters
Q2M3M2	SLC
Q2M3M2	Transporters
Q2M3R5	SLC
Q2M3R5	Transporters
Q2T9J0	Protease
Q2TAZ0	Transporters
Q2TBA0	E3_Ligase
Q2TV78	Protease
Q2VYF4	SLC
Q2WGJ6	E3_Ligase
Q2Y0W8	SLC
Q32M45	Transporters
Q32MK0	Kinase
Q32ZL2	Phosphatase
Q38SD2	Kinase
Q3KNV8	E3_Ligase
Q3KNW5	SLC
Q3KQZ1	SLC
Q3KQZ1	Transporters
Q3KR37	Transporters
Q3LFD5	DUB
Q3MIR4	Transporters
Q3MIX3	Kinase
Q3SY17	SLC
Q3SY17	Transporters
Q3YBM2	Transporters
Q3ZCQ8	Phosphatase
Q3ZCT8	E3_Ligase
Q400G9	Protease
Q401N2	Transporters
Q495C1	E3_Ligase
Q495M3	SLC
Q495M3	Transporters
Q495N2	SLC
Q495N2	Transporters
Q495T6	Protease
Q495X7	E3_Ligase
Q496J9	SLC
Q496J9	Transporters
Q496M5	Kinase
Q496Y0	E3_Ligase
Q49SQ1	GPCR
Q4G0F5	Transporters
Q4G0N8	SLC
Q4G0N8	Transporters
Q4G0W2	Phosphatase
Q4G0X4	E3_Ligase
Q4J6C6	Protease
Q4JDL3	Phosphatase
Q4KMQ2	Transporters
Q4KMZ8	Transporters
Q4U2R8	SLC
Q4U2R8	Transporters
Q4VNC1	Transporters
Q4ZJI4	SLC
Q4ZJI4	Transporters
Q504Q3	Protease
Q504Y0	SLC
Q504Y0	Transporters
Q504Y2	Kinase
Q52WX2	Kinase
Q53G59	E3_Ligase
Q53GD3	SLC
Q53GD3	Transporters
Q53GS7	Transporters
Q53GS9	Protease
Q53GT1	E3_Ligase
Q53HC5	E3_Ligase
Q53R12	Transporters
Q53RT3	Protease
Q567U6	Transporters
Q56UN5	Kinase
Q58A45	Kinase
Q58DX5	Protease
Q59H18	Kinase
Q5BIV9	Transporters
Q5BJD5	Transporters
Q5BJF2	Transporters
Q5BKX6	SLC
Q5BKX6	Transporters
Q5EB52	Protease
Q5EBN2	E3_Ligase
Q5GH70	Transporters
Q5GH76	Transporters
Q5GH77	Transporters
Q5GLZ8	E3_Ligase
Q5H9E4	SLC
Q5H9R7	Phosphatase
Q5HYA8	Transporters
Q5J8M3	Transporters
Q5JPE7	Transporters
Q5JQS5	GPCR
Q5JR12	Phosphatase
Q5JRA6	Transporters
Q5JRS4	GPCR
Q5JRV8	Transporters
Q5JRX3	Protease
Q5JW98	Transporters
Q5JXX7	Transporters
Q5JZY3	Kinase
Q5K4E3	Protease
Q5K4L6	SLC
Q5K4L6	Transporters
Q5M7Z0	E3_Ligase
Q5M8T2	SLC
Q5M8T2	Transporters
Q5MAI5	Kinase
Q5NUL3	GPCR
Q5NUL3	Transporters
Q5PT55	SLC
Q5PT55	Transporters
Q5R3K3	Transporters
Q5S007	Kinase
Q5SGD2	Phosphatase
Q5SR56	SLC
Q5SR56	Transporters
Q5SRE5	Transporters
Q5SVQ8	E3_Ligase
Q5SVS4	SLC
Q5SVS4	Transporters
Q5T0T0	E3_Ligase
Q5T197	E3_Ligase
Q5T1Q4	SLC
Q5T1Q4	Transporters
Q5T3F8	Transporters
Q5T3U5	ABC
Q5T3U5	Transporters
Q5T447	E3_Ligase
Q5T4F4	Transporters
Q5T4S7	E3_Ligase
Q5T601	GPCR
Q5T6X5	GPCR
Q5T6X5	Transporters
Q5T848	GPCR
Q5T8D3	Transporters
Q5T9L3	Transporters
Q5TA31	E3_Ligase
Q5TAH2	SLC
Q5TAH2	Transporters
Q5TC79	E3_Ligase
Q5TC82	E3_Ligase
Q5TCX8	Kinase
Q5TCY1	Kinase
Q5TF39	SLC
Q5TF39	Transporters
Q5TGU0	Transporters
Q5TZ20	GPCR
Q5U5Q3	E3_Ligase
Q5U5R9	E3_Ligase
Q5U5Z8	Protease
Q5UAW9	GPCR
Q5UCC4	Transporters
Q5VST9	Kinase
Q5VT25	Kinase
Q5VTB9	E3_Ligase
Q5VTR2	E3_Ligase
Q5VTY9	Transporters
Q5VU57	Protease
Q5VU97	Transporters
Q5VV17	DUB
Q5VVJ2	DUB
Q5VVJ2	Protease
Q5VVQ6	DUB
Q5VVQ6	Protease
Q5VW38	Transporters
Q5VXU1	Transporters
Q5VZ72	Transporters
Q5VZP5	Phosphatase
Q5VZY2	Phosphatase
Q5W0B1	E3_Ligase
Q5W0Q7	DUB
Q5W0Z9	Transporters
Q5XKL5	E3_Ligase
Q5XPI4	E3_Ligase
Q5XUX0	E3_Ligase
Q5XXA6	Transporters
Q63HN8	E3_Ligase
Q63HR2	Phosphatase
Q63ZE4	SLC
Q63ZE4	Transporters
Q641Q2	Transporters
Q66K79	Protease
Q66LE6	Phosphatase
Q674R7	Transporters
Q676U5	Transporters
Q687X5	Transporters
Q68CP4	Transporters
Q68CZ2	Phosphatase
Q68DU8	E3_Ligase
Q68DV7	E3_Ligase
Q68J44	Phosphatase
Q695T7	SLC
Q695T7	Transporters
Q6A1A2	Kinase
Q6AI14	SLC
Q6AI14	Transporters
Q6AZZ1	E3_Ligase
Q6B8I1	Phosphatase
Q6DD88	Transporters
Q6DN12	Transporters
Q6DT37	Kinase
Q6DWJ6	GPCR
Q6DWJ6	Transporters
Q6FIF0	E3_Ligase
Q6GPI1	Protease
Q6GQQ9	E3_Ligase
Q6GQQ9	Protease
Q6GTS8	Protease
Q6HA08	Protease
Q6ICB0	Protease
Q6ICL7	SLC
Q6ICL7	Transporters
Q6IEE7	Transporters
Q6IEU7	GPCR
Q6IEV9	GPCR
Q6IEY1	GPCR
Q6IEZ7	GPCR
Q6IF00	GPCR
Q6IF36	GPCR
Q6IF42	GPCR
Q6IF63	GPCR
Q6IF82	GPCR
Q6IF99	GPCR
Q6IFG1	GPCR
Q6IFH4	GPCR
Q6IFN5	GPCR
Q6IQ16	E3_Ligase
Q6IQ55	Kinase
Q6IS14	Transporters
Q6IWH7	Transporters
Q6J4K2	SLC
Q6J4K2	Transporters
Q6J9G0	Kinase
Q6JEL2	E3_Ligase
Q6KCM7	SLC
Q6MZM0	Transporters
Q6MZZ7	Protease
Q6N075	SLC
Q6N075	Transporters
Q6NSJ5	Transporters
Q6NT16	SLC
Q6NT16	Transporters
Q6NTF9	Transporters
Q6NUK1	SLC
Q6NUK1	Transporters
Q6NUT3	SLC
Q6NUT3	Transporters
Q6NV75	GPCR
Q6NVU6	Protease
Q6NVV3	SLC
Q6NXT4	SLC
Q6NXT4	Transporters
Q6P0Q8	Kinase
Q6P179	Protease
Q6P1K1	SLC
Q6P1K1	Transporters
Q6P1M0	SLC
Q6P1M0	Transporters
Q6P1Q0	SLC
Q6P2M8	Kinase
Q6P3R8	Kinase
Q6P3S6	E3_Ligase
Q6P3W7	Kinase
Q6P499	SLC
Q6P499	Transporters
Q6P4A7	SLC
Q6P4A7	Transporters
Q6P4Q7	Transporters
Q6P531	Protease
Q6P5S7	Transporters
Q6P5W5	SLC
Q6P5Z2	Kinase
Q6P9F5	E3_Ligase
Q6P9F7	Transporters
Q6PCB7	SLC
Q6PCB7	Transporters
Q6PCB8	Transporters
Q6PCD5	E3_Ligase
Q6PEW0	Protease
Q6PHR2	Kinase
Q6PI25	Transporters
Q6PIJ6	E3_Ligase
Q6PIL6	Transporters
Q6PIS1	SLC
Q6PIS1	Transporters
Q6PIU1	E3_Ligase
Q6PIV7	SLC
Q6PIV7	Transporters
Q6PJ21	E3_Ligase
Q6PJ61	E3_Ligase
Q6PJ69	E3_Ligase
Q6PML9	SLC
Q6PML9	Transporters
Q6PP77	Transporters
Q6PRD1	GPCR
Q6PXP3	SLC
Q6PXP3	Transporters
Q6Q0C0	E3_Ligase
Q6Q0C1	SLC
Q6Q0C1	Transporters
Q6Q4G3	Protease
Q6QNK2	GPCR
Q6R6M4	Protease
Q6SA08	Kinase
Q6T423	SLC
Q6T423	Transporters
Q6T4P5	Phosphatase
Q6TDP4	E3_Ligase
Q6TFL4	E3_Ligase
Q6U736	GPCR
Q6U841	SLC
Q6U841	Transporters
Q6UB28	Protease
Q6UVM3	Transporters
Q6UW60	Protease
Q6UW68	Transporters
Q6UWB4	Protease
Q6UWE0	E3_Ligase
Q6UWJ1	Transporters
Q6UWY2	Protease
Q6UX65	Transporters
Q6UX68	Transporters
Q6UXD7	SLC
Q6UXD7	Transporters
Q6UXH9	Protease
Q6UXS9	Protease
Q6UXU4	Transporters
Q6UXV1	Transporters
Q6UXY8	Transporters
Q6V1X1	Protease
Q6VAB6	Kinase
Q6VVB1	E3_Ligase
Q6W5P4	GPCR
Q6W5P4	Transporters
Q6XPS3	Phosphatase
Q6XR72	SLC
Q6XR72	Transporters
Q6XUX3	Kinase
Q6YBV0	SLC
Q6YBV0	Transporters
Q6YFQ2	Transporters
Q6YI46	Transporters
Q6ZMB5	Transporters
Q6ZMD2	SLC
Q6ZMD2	Transporters
Q6ZMH5	SLC
Q6ZMH5	Transporters
Q6ZMN7	E3_Ligase
Q6ZMQ8	Kinase
Q6ZMQ8	Transporters
Q6ZMR5	Protease
Q6ZMR5	Transporters
Q6ZMU5	E3_Ligase
Q6ZMU5	Transporters
Q6ZMZ0	E3_Ligase
Q6ZN04	E3_Ligase
Q6ZN16	Kinase
Q6ZNA4	E3_Ligase
Q6ZNB6	E3_Ligase
Q6ZNE5	Transporters
Q6ZNR0	Transporters
Q6ZP29	Transporters
Q6ZQN7	SLC
Q6ZQN7	Transporters
Q6ZRF8	E3_Ligase
Q6ZRH7	Transporters
Q6ZSA7	Transporters
Q6ZSB9	E3_Ligase
Q6ZSG1	E3_Ligase
Q6ZSI9	Protease
Q6ZSJ9	Transporters
Q6ZSM3	SLC
Q6ZSM3	Transporters
Q6ZSS7	SLC
Q6ZSY5	Phosphatase
Q6ZT12	E3_Ligase
Q6ZT89	SLC
Q6ZT89	Transporters
Q6ZTA4	E3_Ligase
Q6ZUT3	Transporters
Q6ZVK1	Transporters
Q6ZVZ8	E3_Ligase
Q6ZWB6	E3_Ligase
Q6ZWH5	Kinase
Q6ZWI9	E3_Ligase
Q6ZWK6	Protease
Q6ZXV5	Transporters
Q70CQ1	DUB
Q70CQ1	Protease
Q70CQ2	DUB
Q70CQ2	Protease
Q70CQ3	DUB
Q70CQ3	Protease
Q70CQ4	DUB
Q70CQ4	Protease
Q70EK8	Protease
Q70EK9	Protease
Q70EL1	DUB
Q70EL1	Protease
Q70EL2	DUB
Q70EL2	Protease
Q70EL3	DUB
Q70EL3	Protease
Q70EL4	DUB
Q70EL4	Protease
Q70HW3	SLC
Q70HW3	Transporters
Q70Z44	Transporters
Q719H9	E3_Ligase
Q71RS6	SLC
Q71RS6	Transporters
Q75N03	E3_Ligase
Q75V66	Transporters
Q76EJ3	SLC
Q76EJ3	Transporters
Q76I76	Phosphatase
Q76LX8	Protease
Q76MJ5	Kinase
Q76N89	E3_Ligase
Q7KZI7	Kinase
Q7L0J3	SLC
Q7L0R7	E3_Ligase
Q7L1I2	SLC
Q7L1I2	Transporters
Q7L1W4	Transporters
Q7L273	E3_Ligase
Q7L4E1	Transporters
Q7L622	E3_Ligase
Q7L7X3	Kinase
Q7LBE3	SLC
Q7LBE3	Transporters
Q7RTM1	Transporters
Q7RTN6	Kinase
Q7RTP0	SLC
Q7RTP0	Transporters
Q7RTS5	Transporters
Q7RTS6	Transporters
Q7RTT9	SLC
Q7RTT9	Transporters
Q7RTX0	GPCR
Q7RTX1	GPCR
Q7RTX1	Transporters
Q7RTX7	Transporters
Q7RTX9	SLC
Q7RTX9	Transporters
Q7RTY0	SLC
Q7RTY0	Transporters
Q7RTY1	SLC
Q7RTY1	Transporters
Q7RTY5	Protease
Q7RTY8	Protease
Q7RTZ2	Protease
Q7Z2D5	Phosphatase
Q7Z2H8	SLC
Q7Z2H8	Transporters
Q7Z2K6	Protease
Q7Z2Y5	Kinase
Q7Z3B4	Transporters
Q7Z3C6	Transporters
Q7Z3Q1	SLC
Q7Z3Q1	Transporters
Q7Z3T1	GPCR
Q7Z3V4	E3_Ligase
Q7Z403	Transporters
Q7Z404	Transporters
Q7Z410	Protease
Q7Z412	Transporters
Q7Z419	E3_Ligase
Q7Z429	Transporters
Q7Z442	Transporters
Q7Z443	Transporters
Q7Z4H3	Phosphatase
Q7Z4K8	E3_Ligase
Q7Z4L0	Transporters
Q7Z569	E3_Ligase
Q7Z5B4	Transporters
Q7Z5G4	Transporters
Q7Z5H4	GPCR
Q7Z5H5	GPCR
Q7Z5Y7	E3_Ligase
Q7Z601	GPCR
Q7Z602	GPCR
Q7Z695	Kinase
Q7Z6E9	E3_Ligase
Q7Z6J0	E3_Ligase
Q7Z6L0	Transporters
Q7Z6M2	E3_Ligase
Q7Z6Z7	E3_Ligase
Q7Z769	SLC
Q7Z769	Transporters
Q7Z7A4	Kinase
Q7Z7J7	Transporters
Q7Z7N9	Transporters
Q86SE9	E3_Ligase
Q86SG6	Kinase
Q86SM5	GPCR
Q86SM8	GPCR
Q86SP6	GPCR
Q86SQ4	GPCR
Q86SQ6	GPCR
Q86T24	E3_Ligase
Q86T26	Protease
Q86T82	DUB
Q86T82	Protease
Q86T96	E3_Ligase
Q86TB3	Kinase
Q86TG1	Transporters
Q86TI0	Transporters
Q86TI2	Protease
Q86TL0	Protease
Q86TL0	Transporters
Q86TL2	Transporters
Q86TM6	E3_Ligase
Q86TM6	Transporters
Q86TW2	Kinase
Q86UD3	E3_Ligase
Q86UD5	SLC
Q86UD5	Transporters
Q86UE6	Transporters
Q86UE8	Kinase
Q86UF1	Transporters
Q86UG4	SLC
Q86UG4	Transporters
Q86UK0	ABC
Q86UK0	Transporters
Q86UK7	E3_Ligase
Q86UL8	Transporters
Q86UQ4	ABC
Q86UQ4	Transporters
Q86UV5	DUB
Q86UV5	Protease
Q86UV6	E3_Ligase
Q86UV7	E3_Ligase
Q86UW1	SLC
Q86UW1	Transporters
Q86UW2	SLC
Q86UW2	Transporters
Q86UW9	E3_Ligase
Q86UX6	Kinase
Q86UZ6	E3_Ligase
Q86V24	Transporters
Q86V86	Kinase
Q86V97	E3_Ligase
Q86VD7	SLC
Q86VD7	Transporters
Q86VE9	Transporters
Q86VH4	Transporters
Q86VI4	Transporters
Q86VL8	SLC
Q86VL8	Transporters
Q86VP3	Transporters
Q86VW1	SLC
Q86VZ1	GPCR
Q86W34	Protease
Q86WA8	Protease
Q86WA9	SLC
Q86WA9	Transporters
Q86WB7	SLC
Q86WC4	E3_Ligase
Q86WC4	Transporters
Q86WG5	Phosphatase
Q86WK6	Transporters
Q86WS5	Protease
Q86WT6	E3_Ligase
Q86X19	Transporters
Q86XD8	E3_Ligase
Q86XI6	Phosphatase
Q86XJ0	Transporters
Q86XK2	E3_Ligase
Q86XM0	Transporters
Q86XN8	E3_Ligase
Q86XQ3	Transporters
Q86XS8	E3_Ligase
Q86XT4	E3_Ligase
Q86Y01	E3_Ligase
Q86Y07	Kinase
Q86Y13	E3_Ligase
Q86Y34	GPCR
Q86YD3	Transporters
Q86YJ5	E3_Ligase
Q86YN1	Phosphatase
Q86YT5	SLC
Q86YT5	Transporters
Q86YT6	E3_Ligase
Q86YV5	Kinase
Q86YV6	Kinase
Q86Z02	Kinase
Q86Z14	Transporters
Q8IU68	Transporters
Q8IU80	Protease
Q8IU85	Kinase
Q8IU99	Transporters
Q8IUA7	ABC
Q8IUA7	Transporters
Q8IUD6	E3_Ligase
Q8IUH4	Transporters
Q8IUH5	Transporters
Q8IUH8	Protease
Q8IUQ4	E3_Ligase
Q8IUQ4	Transporters
Q8IUX1	Transporters
Q8IUX7	Protease
Q8IV31	Transporters
Q8IV63	Kinase
Q8IVB4	SLC
Q8IVB4	Transporters
Q8IVH8	Kinase
Q8IVJ1	SLC
Q8IVJ1	Transporters
Q8IVL8	Protease
Q8IVM8	SLC
Q8IVM8	Transporters
Q8IVT5	Kinase
Q8IVU3	E3_Ligase
Q8IVV8	Transporters
Q8IVW4	Kinase
Q8IVW8	SLC
Q8IVW8	Transporters
Q8IW41	Kinase
Q8IWA4	Transporters
Q8IWA5	SLC
Q8IWA5	Transporters
Q8IWB6	Kinase
Q8IWB6	Transporters
Q8IWD5	SLC
Q8IWD5	Transporters
Q8IWK6	GPCR
Q8IWQ3	Kinase
Q8IWR1	E3_Ligase
Q8IWT1	Transporters
Q8IWT3	E3_Ligase
Q8IWT6	Transporters
Q8IWU2	Kinase
Q8IWU4	SLC
Q8IWU4	Transporters
Q8IWV7	E3_Ligase
Q8IWV8	E3_Ligase
Q8IWX5	Phosphatase
Q8IWZ4	E3_Ligase
Q8IWZ5	E3_Ligase
Q8IX29	E3_Ligase
Q8IXE1	GPCR
Q8IXF9	Transporters
Q8IXQ5	E3_Ligase
Q8IXU6	SLC
Q8IXU6	Transporters
Q8IY26	Phosphatase
Q8IY34	SLC
Q8IY34	Transporters
Q8IY47	E3_Ligase
Q8IY49	Transporters
Q8IY50	SLC
Q8IY50	Transporters
Q8IY84	Kinase
Q8IY92	E3_Ligase
Q8IY95	Transporters
Q8IYB3	Transporters
Q8IYI6	Transporters
Q8IYL9	GPCR
Q8IYM9	E3_Ligase
Q8IYP2	Protease
Q8IYS1	Protease
Q8IYT8	Kinase
Q8IYU2	E3_Ligase
Q8IYU8	Transporters
Q8IYV9	Transporters
Q8IYW5	E3_Ligase
Q8IZ08	GPCR
Q8IZ21	Phosphatase
Q8IZ57	Transporters
Q8IZ96	Transporters
Q8IZD6	SLC
Q8IZD6	Transporters
Q8IZE3	Kinase
Q8IZF0	Transporters
Q8IZF2	GPCR
Q8IZF3	GPCR
Q8IZF4	GPCR
Q8IZF5	GPCR
Q8IZF6	GPCR
Q8IZF7	GPCR
Q8IZK6	Transporters
Q8IZL9	Kinase
Q8IZM9	SLC
Q8IZM9	Transporters
Q8IZP6	E3_Ligase
Q8IZP9	GPCR
Q8IZP9	Transporters
Q8IZR5	Transporters
Q8IZS8	Transporters
Q8IZY2	ABC
Q8IZY2	Transporters
Q8N0W4	Transporters
Q8N0Y3	GPCR
Q8N0Y5	GPCR
Q8N119	Protease
Q8N127	GPCR
Q8N130	SLC
Q8N130	Transporters
Q8N139	ABC
Q8N139	Transporters
Q8N143	E3_Ligase
Q8N146	GPCR
Q8N148	GPCR
Q8N162	GPCR
Q8N165	Kinase
Q8N1E6	E3_Ligase
Q8N1F7	Transporters
Q8N1M1	Transporters
Q8N1S5	SLC
Q8N1S5	Transporters
Q8N239	E3_Ligase
Q8N271	Transporters
Q8N2C7	Transporters
Q8N2I9	Kinase
Q8N2Q7	Transporters
Q8N349	GPCR
Q8N357	SLC
Q8N357	Transporters
Q8N370	SLC
Q8N370	Transporters
Q8N3J5	Phosphatase
Q8N3P4	E3_Ligase
Q8N3Y1	E3_Ligase
Q8N3Z0	Protease
Q8N413	SLC
Q8N413	Transporters
Q8N434	SLC
Q8N434	Transporters
Q8N436	Protease
Q8N441	Transporters
Q8N448	E3_Ligase
Q8N461	E3_Ligase
Q8N468	SLC
Q8N468	Transporters
Q8N4C7	Transporters
Q8N4C8	Kinase
Q8N4F0	Transporters
Q8N4F4	SLC
Q8N4F7	E3_Ligase
Q8N4M1	SLC
Q8N4M1	Transporters
Q8N4N3	E3_Ligase
Q8N4S9	Transporters
Q8N4T0	Protease
Q8N4V1	Transporters
Q8N4V2	SLC
Q8N511	Transporters
Q8N531	E3_Ligase
Q8N568	Kinase
Q8N594	DUB
Q8N594	Protease
Q8N5C1	Transporters
Q8N5G2	Transporters
Q8N5I3	E3_Ligase
Q8N5S1	SLC
Q8N5S1	Transporters
Q8N5S9	Kinase
Q8N5U6	E3_Ligase
Q8N5Z5	E3_Ligase
Q8N608	Protease
Q8N608	Transporters
Q8N609	Transporters
Q8N628	GPCR
Q8N653	E3_Ligase
Q8N680	E3_Ligase
Q8N682	Transporters
Q8N695	SLC
Q8N697	SLC
Q8N697	Transporters
Q8N6D2	E3_Ligase
Q8N6F1	Transporters
Q8N6M0	DUB
Q8N6M3	Transporters
Q8N6M6	Protease
Q8N6U8	GPCR
Q8N6U8	Transporters
Q8N752	Kinase
Q8N766	Transporters
Q8N7B9	Transporters
Q8N7C7	E3_Ligase
Q8N7E2	E3_Ligase
Q8N7P3	Transporters
Q8N808	SLC
Q8N808	Transporters
Q8N819	Phosphatase
Q8N8D7	Transporters
Q8N8N0	E3_Ligase
Q8N8Q8	Transporters
Q8N8Q9	SLC
Q8N8Q9	Transporters
Q8N8R3	SLC
Q8N8R3	Transporters
Q8N961	E3_Ligase
Q8N9I9	E3_Ligase
Q8N9S9	Transporters
Q8N9V2	E3_Ligase
Q8N9V3	E3_Ligase
Q8NA29	SLC
Q8NA29	Transporters
Q8NA82	E3_Ligase
Q8NAA4	Transporters
Q8NAB2	E3_Ligase
Q8NAP3	E3_Ligase
Q8NB14	DUB
Q8NB14	Protease
Q8NB16	Kinase
Q8NB16	Transporters
Q8NB49	Transporters
Q8NBE8	E3_Ligase
Q8NBH2	Protease
Q8NBI5	SLC
Q8NBI5	Transporters
Q8NBJ9	Transporters
Q8NBL3	Transporters
Q8NBP5	SLC
Q8NBP5	Transporters
Q8NBP7	Protease
Q8NBQ7	Transporters
Q8NBS3	SLC
Q8NBS3	Transporters
Q8NBV4	Phosphatase
Q8NBW4	SLC
Q8NBW4	Transporters
Q8NC42	E3_Ligase
Q8NC67	Transporters
Q8NC69	E3_Ligase
Q8NCB2	Kinase
Q8NCC5	SLC
Q8NCC5	Transporters
Q8NCK7	SLC
Q8NCK7	Transporters
Q8NCM2	Transporters
Q8NCN4	E3_Ligase
Q8NCP5	E3_Ligase
Q8NCQ5	E3_Ligase
Q8NCR9	Transporters
Q8NCS7	SLC
Q8NCS7	Transporters
Q8ND24	E3_Ligase
Q8ND25	E3_Ligase
Q8NDH3	Protease
Q8NDL9	Protease
Q8NDN9	E3_Ligase
Q8NDV2	GPCR
Q8NDX2	SLC
Q8NDX2	Transporters
Q8NE00	SLC
Q8NE00	Transporters
Q8NE01	Transporters
Q8NE28	Kinase
Q8NE63	Kinase
Q8NE71	Transporters
Q8NE79	Transporters
Q8NEA4	E3_Ligase
Q8NEB5	Phosphatase
Q8NEE6	E3_Ligase
Q8NEG5	E3_Ligase
Q8NEJ0	Phosphatase
Q8NEM8	Protease
Q8NEN9	Transporters
Q8NER1	Transporters
Q8NER5	Kinase
Q8NEV1	Kinase
Q8NEV4	Kinase
Q8NEW0	SLC
Q8NEW0	Transporters
Q8NEW7	Transporters
Q8NEY4	Transporters
Q8NEZ5	E3_Ligase
Q8NF86	Protease
Q8NFA0	DUB
Q8NFA0	Protease
Q8NFD2	Kinase
Q8NFF2	SLC
Q8NFF2	Transporters
Q8NFH3	Transporters
Q8NFH4	Transporters
Q8NFH5	Transporters
Q8NFJ5	GPCR
Q8NFJ6	GPCR
Q8NFK1	Transporters
Q8NFN8	GPCR
Q8NFP7	Phosphatase
Q8NFT2	Transporters
Q8NFU0	Transporters
Q8NFU1	Transporters
Q8NFY9	E3_Ligase
Q8NFZ0	E3_Ligase
Q8NFZ4	Transporters
Q8NFZ6	GPCR
Q8NG04	SLC
Q8NG04	Transporters
Q8NG06	E3_Ligase
Q8NG11	Transporters
Q8NG27	E3_Ligase
Q8NG66	Kinase
Q8NG75	GPCR
Q8NG76	GPCR
Q8NG77	GPCR
Q8NG78	GPCR
Q8NG80	GPCR
Q8NG81	GPCR
Q8NG83	GPCR
Q8NG84	GPCR
Q8NG85	GPCR
Q8NG92	GPCR
Q8NG94	GPCR
Q8NG95	GPCR
Q8NG97	GPCR
Q8NG98	GPCR
Q8NG99	GPCR
Q8NGA0	GPCR
Q8NGA1	GPCR
Q8NGA5	GPCR
Q8NGA6	GPCR
Q8NGA8	GPCR
Q8NGB2	GPCR
Q8NGB4	GPCR
Q8NGB6	GPCR
Q8NGB8	GPCR
Q8NGB9	GPCR
Q8NGC0	GPCR
Q8NGC1	GPCR
Q8NGC4	GPCR
Q8NGC6	GPCR
Q8NGC7	GPCR
Q8NGC8	GPCR
Q8NGC9	GPCR
Q8NGD0	GPCR
Q8NGD1	GPCR
Q8NGD2	GPCR
Q8NGD3	GPCR
Q8NGD4	GPCR
Q8NGD5	GPCR
Q8NGE0	GPCR
Q8NGE1	GPCR
Q8NGE2	GPCR
Q8NGE3	GPCR
Q8NGE5	GPCR
Q8NGE7	GPCR
Q8NGE8	GPCR
Q8NGE9	GPCR
Q8NGF0	GPCR
Q8NGF1	GPCR
Q8NGF3	GPCR
Q8NGF4	GPCR
Q8NGF6	GPCR
Q8NGF7	GPCR
Q8NGF8	GPCR
Q8NGF9	GPCR
Q8NGG0	GPCR
Q8NGG2	GPCR
Q8NGG3	GPCR
Q8NGG4	GPCR
Q8NGG5	GPCR
Q8NGG6	GPCR
Q8NGG7	GPCR
Q8NGG8	GPCR
Q8NGH3	GPCR
Q8NGH5	GPCR
Q8NGH7	GPCR
Q8NGH8	GPCR
Q8NGH9	GPCR
Q8NGI0	GPCR
Q8NGI2	GPCR
Q8NGI3	GPCR
Q8NGI4	GPCR
Q8NGI6	GPCR
Q8NGI7	GPCR
Q8NGI8	GPCR
Q8NGI9	GPCR
Q8NGJ0	GPCR
Q8NGJ1	GPCR
Q8NGJ2	GPCR
Q8NGJ3	GPCR
Q8NGJ4	GPCR
Q8NGJ5	GPCR
Q8NGJ6	GPCR
Q8NGJ7	GPCR
Q8NGJ8	GPCR
Q8NGJ9	GPCR
Q8NGK0	GPCR
Q8NGK1	GPCR
Q8NGK2	GPCR
Q8NGK3	GPCR
Q8NGK4	GPCR
Q8NGK5	GPCR
Q8NGK6	GPCR
Q8NGK9	GPCR
Q8NGL0	GPCR
Q8NGL1	GPCR
Q8NGL2	GPCR
Q8NGL3	GPCR
Q8NGL4	GPCR
Q8NGL6	GPCR
Q8NGL7	GPCR
Q8NGL9	GPCR
Q8NGM1	GPCR
Q8NGM8	GPCR
Q8NGM9	GPCR
Q8NGN0	GPCR
Q8NGN1	GPCR
Q8NGN2	GPCR
Q8NGN3	GPCR
Q8NGN4	GPCR
Q8NGN5	GPCR
Q8NGN6	GPCR
Q8NGP0	GPCR
Q8NGP2	GPCR
Q8NGP3	GPCR
Q8NGP4	GPCR
Q8NGP6	GPCR
Q8NGP8	GPCR
Q8NGP9	GPCR
Q8NGQ1	GPCR
Q8NGQ2	GPCR
Q8NGQ3	GPCR
Q8NGQ4	GPCR
Q8NGQ5	GPCR
Q8NGQ6	GPCR
Q8NGR1	GPCR
Q8NGR2	GPCR
Q8NGR3	GPCR
Q8NGR4	GPCR
Q8NGR5	GPCR
Q8NGR6	GPCR
Q8NGR8	GPCR
Q8NGR9	GPCR
Q8NGS0	GPCR
Q8NGS1	GPCR
Q8NGS2	GPCR
Q8NGS3	GPCR
Q8NGS4	GPCR
Q8NGS5	GPCR
Q8NGS6	GPCR
Q8NGS7	GPCR
Q8NGS8	GPCR
Q8NGS9	GPCR
Q8NGT0	GPCR
Q8NGT1	GPCR
Q8NGT2	GPCR
Q8NGT5	GPCR
Q8NGT7	GPCR
Q8NGT9	GPCR
Q8NGU2	GPCR
Q8NGU9	GPCR
Q8NGV0	GPCR
Q8NGV5	GPCR
Q8NGV6	GPCR
Q8NGV7	GPCR
Q8NGW1	GPCR
Q8NGW6	GPCR
Q8NGX0	GPCR
Q8NGX1	GPCR
Q8NGX2	GPCR
Q8NGX3	GPCR
Q8NGX5	GPCR
Q8NGX6	GPCR
Q8NGX8	GPCR
Q8NGX9	GPCR
Q8NGY0	GPCR
Q8NGY1	GPCR
Q8NGY2	GPCR
Q8NGY3	GPCR
Q8NGY5	GPCR
Q8NGY6	GPCR
Q8NGY9	GPCR
Q8NGZ3	GPCR
Q8NGZ4	GPCR
Q8NGZ5	GPCR
Q8NGZ6	GPCR
Q8NGZ9	GPCR
Q8NH00	GPCR
Q8NH01	GPCR
Q8NH02	GPCR
Q8NH03	GPCR
Q8NH04	GPCR
Q8NH05	GPCR
Q8NH07	GPCR
Q8NH09	GPCR
Q8NH10	GPCR
Q8NH16	GPCR
Q8NH18	GPCR
Q8NH19	GPCR
Q8NH21	GPCR
Q8NH37	GPCR
Q8NH40	GPCR
Q8NH41	GPCR
Q8NH42	GPCR
Q8NH43	GPCR
Q8NH48	GPCR
Q8NH49	GPCR
Q8NH50	GPCR
Q8NH51	GPCR
Q8NH53	GPCR
Q8NH54	GPCR
Q8NH56	GPCR
Q8NH59	GPCR
Q8NH60	GPCR
Q8NH61	GPCR
Q8NH63	GPCR
Q8NH64	GPCR
Q8NH67	GPCR
Q8NH69	GPCR
Q8NH70	GPCR
Q8NH72	GPCR
Q8NH73	GPCR
Q8NH74	GPCR
Q8NH76	GPCR
Q8NH79	GPCR
Q8NH83	GPCR
Q8NH85	GPCR
Q8NH87	GPCR
Q8NH90	GPCR
Q8NH92	GPCR
Q8NH93	GPCR
Q8NH94	GPCR
Q8NHA4	GPCR
Q8NHB1	GPCR
Q8NHB7	GPCR
Q8NHB8	GPCR
Q8NHC4	GPCR
Q8NHC5	GPCR
Q8NHC7	GPCR
Q8NHC8	GPCR
Q8NHG8	E3_Ligase
Q8NHH9	Transporters
Q8NHM5	E3_Ligase
Q8NHS3	SLC
Q8NHS3	Transporters
Q8NHX9	Transporters
Q8NHY2	E3_Ligase
Q8NI08	Transporters
Q8NI29	E3_Ligase
Q8NI32	Transporters
Q8NI37	Phosphatase
Q8NI60	Kinase
Q8TAA3	Protease
Q8TAA9	Transporters
Q8TAC2	DUB
Q8TAC2	Protease
Q8TAC9	Transporters
Q8TAD4	SLC
Q8TAD4	Transporters
Q8TAE6	Phosphatase
Q8TAE7	E3_Ligase
Q8TAF8	Transporters
Q8TAG9	Transporters
Q8TAS1	Kinase
Q8TAT6	Transporters
Q8TAV4	Transporters
Q8TAX9	Transporters
Q8TB52	E3_Ligase
Q8TB61	SLC
Q8TB61	Transporters
Q8TBA6	Transporters
Q8TBB1	E3_Ligase
Q8TBB6	SLC
Q8TBB6	Transporters
Q8TBC3	E3_Ligase
Q8TBE1	Transporters
Q8TBE7	SLC
Q8TBE7	Transporters
Q8TBJ4	Phosphatase
Q8TBM8	Transporters
Q8TBP6	SLC
Q8TBP6	Transporters
Q8TC26	Transporters
Q8TC27	Protease
Q8TC41	E3_Ligase
Q8TCB6	GPCR
Q8TCC7	SLC
Q8TCC7	Transporters
Q8TCJ0	E3_Ligase
Q8TCJ2	Transporters
Q8TCQ1	E3_Ligase
Q8TCT6	Protease
Q8TCT7	Protease
Q8TCT8	Protease
Q8TCT8	Transporters
Q8TCT9	Protease
Q8TCU3	SLC
Q8TCU3	Transporters
Q8TCW9	GPCR
Q8TD08	Kinase
Q8TD19	Kinase
Q8TD19	Transporters
Q8TD20	SLC
Q8TD20	Transporters
Q8TD22	SLC
Q8TD43	Transporters
Q8TDB6	E3_Ligase
Q8TDB8	SLC
Q8TDB8	Transporters
Q8TDC3	Kinase
Q8TDD5	Transporters
Q8TDF5	Transporters
Q8TDI8	Transporters
Q8TDJ6	Transporters
Q8TDN1	Transporters
Q8TDN2	Transporters
Q8TDR2	Kinase
Q8TDS4	GPCR
Q8TDS5	GPCR
Q8TDS7	GPCR
Q8TDT2	GPCR
Q8TDU6	GPCR
Q8TDU6	Transporters
Q8TDU9	GPCR
Q8TDV0	GPCR
Q8TDV2	GPCR
Q8TDV5	GPCR
Q8TDW0	Transporters
Q8TDX7	Kinase
Q8TDX7	Transporters
Q8TDX9	Transporters
Q8TE23	GPCR
Q8TE23	Transporters
Q8TE49	DUB
Q8TE49	E3_Ligase
Q8TE49	Protease
Q8TE54	SLC
Q8TE56	Protease
Q8TE57	Protease
Q8TE58	Protease
Q8TE59	Protease
Q8TE60	Protease
Q8TE77	Phosphatase
Q8TEA7	Kinase
Q8TEB7	E3_Ligase
Q8TEB9	Protease
Q8TEB9	Transporters
Q8TEC5	E3_Ligase
Q8TED4	SLC
Q8TED4	Transporters
Q8TEM1	Transporters
Q8TEX9	Transporters
Q8TEY7	DUB
Q8TEY7	Protease
Q8TEZ7	Transporters
Q8TF05	Phosphatase
Q8TF08	Transporters
Q8TF61	E3_Ligase
Q8TF66	Transporters
Q8TF71	SLC
Q8TF71	Transporters
Q8TF76	Kinase
Q8WTQ7	Kinase
Q8WTR2	Phosphatase
Q8WTV0	Transporters
Q8WU08	Kinase
Q8WU17	E3_Ligase
Q8WUG5	SLC
Q8WUG5	Transporters
Q8WUH6	Transporters
Q8WUJ0	Phosphatase
Q8WUK0	Phosphatase
Q8WUM0	Transporters
Q8WUM9	SLC
Q8WUM9	Transporters
Q8WUT9	SLC
Q8WUT9	Transporters
Q8WUX1	SLC
Q8WUX1	Transporters
Q8WV15	Transporters
Q8WV22	E3_Ligase
Q8WV35	E3_Ligase
Q8WV44	E3_Ligase
Q8WV83	SLC
Q8WV83	Transporters
Q8WVD3	E3_Ligase
Q8WVD5	E3_Ligase
Q8WVE7	Transporters
Q8WVF1	Transporters
Q8WVF5	E3_Ligase
Q8WVI7	Phosphatase
Q8WVX3	Transporters
Q8WVY7	Phosphatase
Q8WVZ7	E3_Ligase
Q8WVZ9	E3_Ligase
Q8WW43	Protease
Q8WW43	Transporters
Q8WWB7	Transporters
Q8WWF5	E3_Ligase
Q8WWI5	SLC
Q8WWI5	Transporters
Q8WWM9	Transporters
Q8WWT9	SLC
Q8WWT9	Transporters
Q8WWX0	E3_Ligase
Q8WWX8	SLC
Q8WWZ4	ABC
Q8WWZ4	Transporters
Q8WWZ7	ABC
Q8WWZ7	Transporters
Q8WXD0	GPCR
Q8WXF7	Transporters
Q8WXG9	GPCR
Q8WXG9	Transporters
Q8WXH4	E3_Ligase
Q8WXH5	E3_Ligase
Q8WXH6	E3_Ligase
Q8WXI3	E3_Ligase
Q8WXJ9	E3_Ligase
Q8WXK1	E3_Ligase
Q8WXK3	E3_Ligase
Q8WXQ8	Protease
Q8WXR4	Kinase
Q8WXS5	Transporters
Q8WXS8	Protease
Q8WY07	SLC
Q8WY07	Transporters
Q8WY21	Transporters
Q8WY22	Transporters
Q8WY54	Phosphatase
Q8WY64	E3_Ligase
Q8WY98	Transporters
Q8WYK0	Transporters
Q8WYL5	Phosphatase
Q8WYN0	Protease
Q8WYP5	Transporters
Q8WZ19	E3_Ligase
Q8WZ42	Kinase
Q8WZ55	Transporters
Q8WZ60	E3_Ligase
Q8WZ73	E3_Ligase
Q8WZ84	GPCR
Q8WZ92	GPCR
Q8WZ94	GPCR
Q92504	SLC
Q92504	Transporters
Q92508	Transporters
Q92519	Kinase
Q92536	SLC
Q92536	Transporters
Q92544	Transporters
Q92560	DUB
Q92560	Protease
Q92581	SLC
Q92581	Transporters
Q92609	Transporters
Q92621	Transporters
Q92630	Kinase
Q92633	GPCR
Q92643	Protease
Q92673	Transporters
Q92688	Phosphatase
Q92729	Phosphatase
Q92736	Transporters
Q92743	Protease
Q92772	Kinase
Q92782	E3_Ligase
Q92806	Transporters
Q92820	Protease
Q92824	Protease
Q92835	Phosphatase
Q92839	Transporters
Q92843	Transporters
Q92847	GPCR
Q92847	Transporters
Q92851	Protease
Q92876	Protease
Q92887	ABC
Q92887	Transporters
Q92905	DUB
Q92905	Protease
Q92911	SLC
Q92911	Transporters
Q92918	Kinase
Q92932	Phosphatase
Q92932	Transporters
Q92952	Transporters
Q92953	E3_Ligase
Q92953	Transporters
Q92959	SLC
Q92959	Transporters
Q92968	Transporters
Q92973	Transporters
Q92995	DUB
Q92995	Protease
Q93008	DUB
Q93008	Protease
Q93009	DUB
Q93009	Protease
Q93050	Transporters
Q93086	Transporters
Q93096	Phosphatase
Q969E2	Transporters
Q969F8	GPCR
Q969F8	Transporters
Q969H0	E3_Ligase
Q969I6	SLC
Q969I6	Transporters
Q969K3	E3_Ligase
Q969K4	E3_Ligase
Q969N4	GPCR
Q969P5	E3_Ligase
Q969Q1	E3_Ligase
Q969Q6	Phosphatase
Q969S0	SLC
Q969S6	Transporters
Q969U6	E3_Ligase
Q969V1	GPCR
Q969V3	Transporters
Q969V5	E3_Ligase
Q969X1	Transporters
Q96A00	Phosphatase
Q96A29	SLC
Q96A29	Transporters
Q96A33	Transporters
Q96A37	E3_Ligase
Q96A44	E3_Ligase
Q96A46	SLC
Q96A46	Transporters
Q96A54	Transporters
Q96A57	Transporters
Q96A59	Transporters
Q96A61	E3_Ligase
Q96A65	Transporters
Q96AA3	Transporters
Q96AG3	SLC
Q96AG3	Transporters
Q96AG4	Transporters
Q96AM1	GPCR
Q96AM1	Transporters
Q96AX9	E3_Ligase
Q96B33	Transporters
Q96B42	Transporters
Q96B67	Transporters
Q96BD0	SLC
Q96BD6	E3_Ligase
Q96BF6	E3_Ligase
Q96BH1	E3_Ligase
Q96BI1	SLC
Q96BI1	Transporters
Q96BI3	Transporters
Q96BQ3	E3_Ligase
Q96BR1	Kinase
Q96BR9	E3_Ligase
Q96BY7	Transporters
Q96BY9	Transporters
Q96C00	E3_Ligase
Q96C12	E3_Ligase
Q96C24	Transporters
Q96C45	Kinase
Q96C90	Phosphatase
Q96CA5	E3_Ligase
Q96CD0	E3_Ligase
Q96CE8	Transporters
Q96CH1	GPCR
Q96CQ1	SLC
Q96CQ1	Transporters
Q96CT2	E3_Ligase
Q96CW1	Transporters
Q96CX2	E3_Ligase
Q96D31	Transporters
Q96D53	Kinase
Q96D59	E3_Ligase
Q96D96	Transporters
Q96DB9	Transporters
Q96DC9	DUB
Q96DC9	Protease
Q96DT6	Protease
Q96DT7	E3_Ligase
Q96DW6	SLC
Q96DW6	Transporters
Q96DX4	E3_Ligase
Q96DX5	E3_Ligase
Q96DZ7	Transporters
Q96DZ9	Transporters
Q96E52	Protease
Q96E52	Transporters
Q96EE3	Transporters
Q96EF0	Phosphatase
Q96EF6	E3_Ligase
Q96EH8	E3_Ligase
Q96EP0	E3_Ligase
Q96EP1	E3_Ligase
Q96EP9	SLC
Q96EP9	Transporters
Q96EQ8	E3_Ligase
Q96ES6	SLC
Q96F44	E3_Ligase
Q96FE5	Transporters
Q96FJ0	DUB
Q96FJ0	Protease
Q96FL8	SLC
Q96FL8	Transporters
Q96FQ6	Transporters
Q96FV2	Protease
Q96FW1	DUB
Q96FW1	Protease
Q96FZ5	Transporters
Q96G61	Phosphatase
Q96G74	DUB
Q96G74	Protease
Q96G79	SLC
Q96G79	Transporters
Q96G91	GPCR
Q96G97	Transporters
Q96GC9	Transporters
Q96GD0	Phosphatase
Q96GD4	Kinase
Q96GF1	E3_Ligase
Q96GM1	Phosphatase
Q96GX5	Kinase
Q96GZ6	SLC
Q96GZ6	Transporters
Q96H72	SLC
Q96H72	Transporters
Q96H78	SLC
Q96H78	Transporters
Q96HA1	Transporters
Q96HE7	Transporters
Q96HI0	Protease
Q96HP8	Transporters
Q96HU1	Transporters
Q96HV5	Transporters
Q96I34	Phosphatase
Q96IG2	E3_Ligase
Q96IK0	Transporters
Q96IK5	E3_Ligase
Q96IY4	Protease
Q96J02	E3_Ligase
Q96J65	ABC
Q96J65	Transporters
Q96J66	ABC
Q96J92	Kinase
Q96JA1	Transporters
Q96JA4	Transporters
Q96JB3	E3_Ligase
Q96JH7	DUB
Q96JH7	Protease
Q96JJ7	Transporters
Q96JT2	SLC
Q96JT2	Transporters
Q96JW4	SLC
Q96JW4	Transporters
Q96K19	E3_Ligase
Q96K37	SLC
Q96K37	Transporters
Q96K62	E3_Ligase
Q96K76	DUB
Q96K76	Protease
Q96K78	GPCR
Q96KB5	Kinase
Q96KE9	E3_Ligase
Q96KG9	Kinase
Q96KJ9	Transporters
Q96KK3	E3_Ligase
Q96KK3	Transporters
Q96KK4	GPCR
Q96KN2	Protease
Q96KN9	Transporters
Q96KP1	Transporters
Q96KP4	Protease
Q96KR4	Protease
Q96KR7	Phosphatase
Q96KT7	SLC
Q96KT7	Transporters
Q96L34	Kinase
Q96L92	Transporters
Q96L96	Kinase
Q96LA9	GPCR
Q96LB0	GPCR
Q96LB1	GPCR
Q96LB2	GPCR
Q96LB4	Transporters
Q96LD4	E3_Ligase
Q96LD8	Protease
Q96LU5	Protease
Q96LW2	Kinase
Q96LZ3	Phosphatase
Q96M94	E3_Ligase
Q96MC6	SLC
Q96MC6	Transporters
Q96ME1	E3_Ligase
Q96MI6	Phosphatase
Q96MI9	Protease
Q96MP8	E3_Ligase
Q96MT1	E3_Ligase
Q96N21	Transporters
Q96N66	Transporters
Q96N87	SLC
Q96N87	Transporters
Q96NB2	SLC
Q96NB2	Transporters
Q96NJ5	E3_Ligase
Q96NL1	Transporters
Q96NS5	E3_Ligase
Q96NT5	SLC
Q96NT5	Transporters
Q96NX5	Kinase
Q96NY7	Transporters
Q96P09	E3_Ligase
Q96P65	GPCR
Q96P66	GPCR
Q96P67	GPCR
Q96P68	GPCR
Q96P69	GPCR
Q96P70	Transporters
Q96PE1	GPCR
Q96PF2	Kinase
Q96PG2	Transporters
Q96PH1	Transporters
Q96PM5	E3_Ligase
Q96PN8	Kinase
Q96PQ7	E3_Ligase
Q96PR1	E3_Ligase
Q96PS8	Transporters
Q96PU4	E3_Ligase
Q96PU5	E3_Ligase
Q96PX1	E3_Ligase
Q96PY6	Kinase
Q96Q04	Kinase
Q96Q07	E3_Ligase
Q96Q15	Kinase
Q96Q27	E3_Ligase
Q96Q40	Kinase
Q96Q45	Transporters
Q96Q80	Transporters
Q96Q91	SLC
Q96Q91	Transporters
Q96QA5	Transporters
Q96QD8	SLC
Q96QE2	SLC
Q96QE2	Transporters
Q96QG7	Phosphatase
Q96QK1	Transporters
Q96QP1	Kinase
Q96QS6	Kinase
Q96QT4	Kinase
Q96QT4	Transporters
Q96QZ0	Transporters
Q96R08	GPCR
Q96R09	GPCR
Q96R27	GPCR
Q96R28	GPCR
Q96R30	GPCR
Q96R45	GPCR
Q96R47	GPCR
Q96R48	GPCR
Q96R67	GPCR
Q96R69	GPCR
Q96RA2	GPCR
Q96RB7	GPCR
Q96RC9	GPCR
Q96RD0	GPCR
Q96RD1	GPCR
Q96RD2	GPCR
Q96RD3	GPCR
Q96RD6	Transporters
Q96RD7	Transporters
Q96RE7	E3_Ligase
Q96RG2	Kinase
Q96RI0	GPCR
Q96RI8	GPCR
Q96RI9	GPCR
Q96RJ0	GPCR
Q96RN1	SLC
Q96RN1	Transporters
Q96RP8	E3_Ligase
Q96RR4	Kinase
Q96RU2	DUB
Q96RU2	Protease
Q96RU7	Kinase
Q96RU8	Kinase
Q96S21	E3_Ligase
Q96S37	SLC
Q96S37	Transporters
Q96S38	Kinase
Q96S44	Kinase
Q96S53	Kinase
Q96S66	Transporters
Q96S97	Transporters
Q96SB4	Kinase
Q96SI1	E3_Ligase
Q96SJ8	Transporters
Q96SL1	SLC
Q96SL1	Transporters
Q96SM3	Protease
Q96T49	Phosphatase
Q96T52	Protease
Q96T53	Transporters
Q96T54	Transporters
Q96T55	Transporters
Q96T60	Phosphatase
Q96T83	SLC
Q96T83	Transporters
Q96T88	E3_Ligase
Q96TA2	Protease
Q99250	Transporters
Q99436	Protease
Q99445	Transporters
Q99469	Transporters
Q99496	E3_Ligase
Q99497	Protease
Q99500	GPCR
Q99502	Phosphatase
Q99504	Phosphatase
Q99523	Transporters
Q99527	GPCR
Q99527	Transporters
Q99538	Protease
Q99542	Protease
Q99558	Kinase
Q99567	Transporters
Q99570	Kinase
Q99571	Transporters
Q99572	Transporters
Q99592	E3_Ligase
Q99619	E3_Ligase
Q99624	SLC
Q99624	Transporters
Q99640	Kinase
Q99643	Transporters
Q99653	Phosphatase
Q99653	Transporters
Q99675	E3_Ligase
Q99677	GPCR
Q99677	Transporters
Q99678	GPCR
Q99679	GPCR
Q99680	GPCR
Q99683	Kinase
Q99705	GPCR
Q99705	Transporters
Q99720	Transporters
Q99726	SLC
Q99726	Transporters
Q99728	E3_Ligase
Q99758	ABC
Q99758	Transporters
Q99759	Kinase
Q99767	Transporters
Q99788	GPCR
Q99788	Transporters
Q99797	Protease
Q99805	Transporters
Q99808	SLC
Q99808	Transporters
Q99828	Transporters
Q99835	GPCR
Q99835	Transporters
Q99884	SLC
Q99884	Transporters
Q99895	Protease
Q99942	E3_Ligase
Q99952	Phosphatase
Q99956	Phosphatase
Q99965	Protease
Q99986	Kinase
Q9BPV8	GPCR
Q9BPX6	Transporters
Q9BQ08	Transporters
Q9BQ13	E3_Ligase
Q9BQ31	E3_Ligase
Q9BQ31	Transporters
Q9BQF6	Protease
Q9BQI3	Kinase
Q9BQJ4	Transporters
Q9BQR3	Protease
Q9BQS7	Transporters
Q9BQT8	SLC
Q9BQT8	Transporters
Q9BR09	E3_Ligase
Q9BR26	Transporters
Q9BRI3	SLC
Q9BRI3	Transporters
Q9BRK5	Transporters
Q9BRQ5	Transporters
Q9BRS2	Kinase
Q9BRV3	SLC
Q9BRV3	Transporters
Q9BRY0	SLC
Q9BRY0	Transporters
Q9BRZ2	E3_Ligase
Q9BS91	SLC
Q9BS91	Transporters
Q9BSA4	Transporters
Q9BSA9	Transporters
Q9BSB4	Transporters
Q9BSF8	E3_Ligase
Q9BSG5	Transporters
Q9BSH5	Phosphatase
Q9BSJ1	E3_Ligase
Q9BSJ8	Transporters
Q9BSK2	SLC
Q9BSK2	Transporters
Q9BSM1	E3_Ligase
Q9BSN7	Transporters
Q9BSY9	Protease
Q9BT40	Phosphatase
Q9BT76	Transporters
Q9BTT0	Phosphatase
Q9BTX1	Transporters
Q9BTX3	Transporters
Q9BUB5	Kinase
Q9BUB7	Transporters
Q9BUN8	Transporters
Q9BUZ4	E3_Ligase
Q9BV35	SLC
Q9BV35	Transporters
Q9BV40	Transporters
Q9BV47	Phosphatase
Q9BV68	E3_Ligase
Q9BV81	Transporters
Q9BVC6	Transporters
Q9BVG3	E3_Ligase
Q9BVJ7	Phosphatase
Q9BVK8	Transporters
Q9BVL2	Transporters
Q9BVS4	Kinase
Q9BVT8	Transporters
Q9BW27	Transporters
Q9BW72	Transporters
Q9BWF2	E3_Ligase
Q9BWM7	SLC
Q9BWQ6	Transporters
Q9BWQ8	Transporters
Q9BWU1	Kinase
Q9BWX1	E3_Ligase
Q9BX51	Protease
Q9BX70	E3_Ligase
Q9BX79	Transporters
Q9BX84	Kinase
Q9BX84	Transporters
Q9BX95	Phosphatase
Q9BXA5	GPCR
Q9BXA6	Kinase
Q9BXA7	Kinase
Q9BXB1	GPCR
Q9BXC0	GPCR
Q9BXC0	Transporters
Q9BXC1	GPCR
Q9BXE9	GPCR
Q9BXI2	SLC
Q9BXI2	Transporters
Q9BXJ8	Transporters
Q9BXM7	Kinase
Q9BXP2	SLC
Q9BXP2	Transporters
Q9BXP8	Protease
Q9BXS4	Transporters
Q9BXS5	Transporters
Q9BXS9	SLC
Q9BXS9	Transporters
Q9BXT2	Transporters
Q9BXT8	E3_Ligase
Q9BXU1	Kinase
Q9BXU7	DUB
Q9BXU7	Protease
Q9BY07	SLC
Q9BY07	Transporters
Q9BY10	SLC
Q9BY10	Transporters
Q9BY15	GPCR
Q9BY21	GPCR
Q9BY21	Transporters
Q9BY32	Phosphatase
Q9BY50	Protease
Q9BY78	E3_Ligase
Q9BY84	Phosphatase
Q9BYB0	Transporters
Q9BYE2	Protease
Q9BYE7	E3_Ligase
Q9BYF1	Protease
Q9BYF1	Transporters
Q9BYG8	Transporters
Q9BYJ4	E3_Ligase
Q9BYM8	E3_Ligase
Q9BYP7	Kinase
Q9BYT1	SLC
Q9BYT1	Transporters
Q9BYT3	Kinase
Q9BYT8	Protease
Q9BYT9	Transporters
Q9BYV2	E3_Ligase
Q9BYV6	E3_Ligase
Q9BYV9	E3_Ligase
Q9BYW1	SLC
Q9BYW1	Transporters
Q9BYZ6	E3_Ligase
Q9BZ11	Protease
Q9BZC7	ABC
Q9BZC7	Transporters
Q9BZD2	SLC
Q9BZD2	Transporters
Q9BZF1	Transporters
Q9BZJ3	Protease
Q9BZJ4	SLC
Q9BZJ4	Transporters
Q9BZJ6	GPCR
Q9BZJ7	GPCR
Q9BZJ8	GPCR
Q9BZL4	Phosphatase
Q9BZL6	Kinase
Q9BZR9	E3_Ligase
Q9BZV2	SLC
Q9BZV2	Transporters
Q9BZW2	SLC
Q9BZW2	Transporters
Q9BZW4	Transporters
Q9BZW5	Transporters
Q9BZY9	E3_Ligase
Q9C019	E3_Ligase
Q9C026	E3_Ligase
Q9C029	E3_Ligase
Q9C030	E3_Ligase
Q9C035	E3_Ligase
Q9C037	E3_Ligase
Q9C040	E3_Ligase
Q9C098	Kinase
Q9C0B0	E3_Ligase
Q9C0B6	Transporters
Q9C0D0	Phosphatase
Q9C0E2	Transporters
Q9C0E8	Transporters
Q9C0H6	E3_Ligase
Q9C0I1	Phosphatase
Q9C0K1	SLC
Q9C0K1	Transporters
Q9C0K7	Kinase
Q9GZK3	GPCR
Q9GZK4	GPCR
Q9GZK6	GPCR
Q9GZK7	GPCR
Q9GZM5	Transporters
Q9GZM6	GPCR
Q9GZM7	Protease
Q9GZN0	GPCR
Q9GZN4	Protease
Q9GZN6	SLC
Q9GZN6	Transporters
Q9GZP1	Transporters
Q9GZP7	GPCR
Q9GZP7	Transporters
Q9GZP9	Transporters
Q9GZQ4	GPCR
Q9GZQ6	GPCR
Q9GZR1	Protease
Q9GZU1	Transporters
Q9GZU7	Phosphatase
Q9GZV3	SLC
Q9GZV3	Transporters
Q9GZV4	Transporters
Q9GZV9	Transporters
Q9GZZ6	Transporters
Q9H000	E3_Ligase
Q9H008	Phosphatase
Q9H013	Protease
Q9H015	SLC
Q9H061	Transporters
Q9H093	Kinase
Q9H0A6	E3_Ligase
Q9H0C2	SLC
Q9H0C2	Transporters
Q9H0C3	Transporters
Q9H0C5	E3_Ligase
Q9H0C8	Phosphatase
Q9H0E7	DUB
Q9H0E7	Protease
Q9H0F5	E3_Ligase
Q9H0H3	E3_Ligase
Q9H0K1	Kinase
Q9H0M0	E3_Ligase
Q9H0Q3	Transporters
Q9H0R4	Phosphatase
Q9H0U3	SLC
Q9H0U3	Transporters
Q9H0X6	E3_Ligase
Q9H0X9	Transporters
Q9H116	E3_Ligase
Q9H172	Transporters
Q9H1B7	E3_Ligase
Q9H1C0	GPCR
Q9H1C4	SLC
Q9H1C4	Transporters
Q9H1D0	Transporters
Q9H1K4	SLC
Q9H1K4	Transporters
Q9H1N7	SLC
Q9H1N7	Transporters
Q9H1R2	Phosphatase
Q9H1R3	Kinase
Q9H1U9	SLC
Q9H1U9	Transporters
Q9H1V8	SLC
Q9H1V8	Transporters
Q9H1Y3	GPCR
Q9H1Z9	Transporters
Q9H205	GPCR
Q9H205	Transporters
Q9H207	GPCR
Q9H208	GPCR
Q9H209	GPCR
Q9H210	GPCR
Q9H221	Transporters
Q9H222	Transporters
Q9H228	GPCR
Q9H237	Transporters
Q9H239	Protease
Q9H244	GPCR
Q9H244	Transporters
Q9H255	GPCR
Q9H255	Transporters
Q9H270	E3_Ligase
Q9H295	Transporters
Q9H2A7	Transporters
Q9H2B4	SLC
Q9H2B4	Transporters
Q9H2C0	E3_Ligase
Q9H2C2	Transporters
Q9H2C5	GPCR
Q9H2C8	GPCR
Q9H2D1	SLC
Q9H2D1	Transporters
Q9H2G2	Kinase
Q9H2H9	SLC
Q9H2H9	Transporters
Q9H2J7	SLC
Q9H2J7	Transporters
Q9H2K8	Kinase
Q9H2L4	Transporters
Q9H2R5	Protease
Q9H2S1	Transporters
Q9H2S5	E3_Ligase
Q9H2T7	Transporters
Q9H2U2	Phosphatase
Q9H2U9	Protease
Q9H2V7	SLC
Q9H2V7	Transporters
Q9H2X6	Kinase
Q9H2X9	SLC
Q9H2X9	Transporters
Q9H2Y9	SLC
Q9H2Y9	Transporters
Q9H300	Protease
Q9H300	Transporters
Q9H306	Protease
Q9H307	Transporters
Q9H310	SLC
Q9H310	Transporters
Q9H313	Transporters
Q9H324	Protease
Q9H339	GPCR
Q9H340	GPCR
Q9H341	GPCR
Q9H342	GPCR
Q9H343	GPCR
Q9H344	GPCR
Q9H346	GPCR
Q9H3F6	E3_Ligase
Q9H3G5	Protease
Q9H3M0	Transporters
Q9H3M9	DUB
Q9H3M9	Protease
Q9H3N1	Transporters
Q9H3N8	GPCR
Q9H3S3	Protease
Q9H3S7	Phosphatase
Q9H3U5	SLC
Q9H3Y6	Kinase
Q9H422	Kinase
Q9H427	Transporters
Q9H461	GPCR
Q9H469	E3_Ligase
Q9H4A3	Kinase
Q9H4A4	Protease
Q9H4A9	Protease
Q9H4B0	Protease
Q9H4B4	Kinase
Q9H4B8	Protease
Q9H4I9	Transporters
Q9H4L4	Protease
Q9H4M3	E3_Ligase
Q9H4P4	E3_Ligase
Q9H511	E3_Ligase
Q9H596	Phosphatase
Q9H598	SLC
Q9H598	Transporters
Q9H5I5	Transporters
Q9H5J0	E3_Ligase
Q9H5J8	DUB
Q9H5K3	Kinase
Q9H672	E3_Ligase
Q9H6D3	Transporters
Q9H6L5	Transporters
Q9H6P5	Protease
Q9H6X4	Transporters
Q9H6Y7	E3_Ligase
Q9H765	E3_Ligase
Q9H792	Kinase
Q9H7T0	Transporters
Q9H7V2	Transporters
Q9H813	Transporters
Q9H814	Transporters
Q9H841	SLC
Q9H8M5	Transporters
Q9H8M9	Transporters
Q9H8U3	E3_Ligase
Q9H8W5	E3_Ligase
Q9H920	E3_Ligase
Q9H936	SLC
Q9H936	Transporters
Q9H992	E3_Ligase
Q9H9B4	SLC
Q9H9B4	Transporters
Q9H9J4	DUB
Q9H9J4	Protease
Q9H9P5	E3_Ligase
Q9H9S3	Transporters
Q9H9V4	E3_Ligase
Q9HA72	Transporters
Q9HAB3	SLC
Q9HAB3	Transporters
Q9HAR2	GPCR
Q9HAR2	Transporters
Q9HAS3	SLC
Q9HAS3	Transporters
Q9HAU4	E3_Ligase
Q9HAU8	Protease
Q9HAV4	Transporters
Q9HAZ1	Kinase
Q9HB40	Protease
Q9HB89	GPCR
Q9HB89	Transporters
Q9HBA9	Protease
Q9HBD1	E3_Ligase
Q9HBE1	E3_Ligase
Q9HBG4	Transporters
Q9HBH9	Kinase
Q9HBJ7	DUB
Q9HBJ7	Protease
Q9HBJ8	Protease
Q9HBJ8	Transporters
Q9HBL0	Phosphatase
Q9HBM0	Transporters
Q9HBR0	SLC
Q9HBR0	Transporters
Q9HBW0	GPCR
Q9HBW0	Transporters
Q9HBW9	GPCR
Q9HBW9	Transporters
Q9HBX8	GPCR
Q9HBX9	GPCR
Q9HBX9	Transporters
Q9HBY0	Transporters
Q9HBY8	Kinase
Q9HC07	SLC
Q9HC07	Transporters
Q9HC21	SLC
Q9HC21	Transporters
Q9HC24	Transporters
Q9HC58	SLC
Q9HC58	Transporters
Q9HC62	Protease
Q9HC62	Transporters
Q9HC78	E3_Ligase
Q9HC96	Protease
Q9HC97	GPCR
Q9HC97	Transporters
Q9HC98	Kinase
Q9HC98	Transporters
Q9HCE7	E3_Ligase
Q9HCF6	Transporters
Q9HCH5	Transporters
Q9HCI7	E3_Ligase
Q9HCJ1	SLC
Q9HCJ1	Transporters
Q9HCK0	E3_Ligase
Q9HCM9	E3_Ligase
Q9HCN3	Transporters
Q9HCP0	Kinase
Q9HCU4	GPCR
Q9HD20	Transporters
Q9HD23	Transporters
Q9HD26	Transporters
Q9HD43	Phosphatase
Q9HDC5	Transporters
Q9NP58	ABC
Q9NP58	Transporters
Q9NP59	SLC
Q9NP59	Transporters
Q9NP78	ABC
Q9NP78	Transporters
Q9NP85	Transporters
Q9NP91	SLC
Q9NP91	Transporters
Q9NP94	SLC
Q9NPA0	Transporters
Q9NPA1	Transporters
Q9NPA2	Protease
Q9NPA8	Transporters
Q9NPB9	GPCR
Q9NPC1	GPCR
Q9NPC2	Transporters
Q9NPC3	E3_Ligase
Q9NPC7	E3_Ligase
Q9NPD5	SLC
Q9NPD5	Transporters
Q9NPF4	Protease
Q9NPG1	GPCR
Q9NPG2	Transporters
Q9NPH5	Transporters
Q9NPI6	Transporters
Q9NPI9	Transporters
Q9NQ11	Transporters
Q9NQ40	SLC
Q9NQ40	Transporters
Q9NQ84	GPCR
Q9NQ84	Transporters
Q9NQ86	E3_Ligase
Q9NQ90	Transporters
Q9NQA5	Transporters
Q9NQC7	DUB
Q9NQC7	Protease
Q9NQE7	Protease
Q9NQH7	Protease
Q9NQN1	GPCR
Q9NQQ7	SLC
Q9NQQ7	Transporters
Q9NQS5	GPCR
Q9NQU5	Kinase
Q9NQW7	Protease
Q9NQZ5	Transporters
Q9NR20	Kinase
Q9NR64	E3_Ligase
Q9NR77	Transporters
Q9NRA2	SLC
Q9NRD0	E3_Ligase
Q9NRD1	E3_Ligase
Q9NRD8	Transporters
Q9NRD9	Transporters
Q9NRE1	Protease
Q9NRG9	Transporters
Q9NRH2	Kinase
Q9NRJ4	E3_Ligase
Q9NRK6	ABC
Q9NRK6	Transporters
Q9NRM0	SLC
Q9NRM0	Transporters
Q9NRM7	Kinase
Q9NRP0	Transporters
Q9NRP7	Kinase
Q9NRQ2	Transporters
Q9NRR2	Protease
Q9NRR5	Transporters
Q9NRR6	Phosphatase
Q9NRS4	Protease
Q9NRU3	Transporters
Q9NRW4	Phosphatase
Q9NRY6	Transporters
Q9NRY7	Transporters
Q9NS56	E3_Ligase
Q9NS61	Transporters
Q9NS66	GPCR
Q9NS67	GPCR
Q9NS75	GPCR
Q9NS82	SLC
Q9NS82	Transporters
Q9NS91	E3_Ligase
Q9NSA0	SLC
Q9NSA0	Transporters
Q9NSA2	E3_Ligase
Q9NSA2	Transporters
Q9NSD5	SLC
Q9NSD5	Transporters
Q9NSD7	GPCR
Q9NSD7	Transporters
Q9NSE2	E3_Ligase
Q9NSY0	Kinase
Q9NSY1	Kinase
Q9NT62	Transporters
Q9NT68	Transporters
Q9NTJ5	Phosphatase
Q9NTM9	Transporters
Q9NTN3	SLC
Q9NTN3	Transporters
Q9NTQ9	Transporters
Q9NTX7	E3_Ligase
Q9NUA8	E3_Ligase
Q9NUJ1	Protease
Q9NUM3	SLC
Q9NUM3	Transporters
Q9NUM4	Transporters
Q9NUN5	Transporters
Q9NUQ7	Protease
Q9NUQ8	Transporters
Q9NUT2	ABC
Q9NUT2	Transporters
Q9NUU7	Transporters
Q9NV58	E3_Ligase
Q9NV64	Transporters
Q9NV70	Transporters
Q9NV96	Transporters
Q9NVC3	SLC
Q9NVC3	Transporters
Q9NVE5	DUB
Q9NVE5	Protease
Q9NVF7	E3_Ligase
Q9NVR0	E3_Ligase
Q9NVV0	Transporters
Q9NVV5	Transporters
Q9NVW2	E3_Ligase
Q9NVX7	E3_Ligase
Q9NW15	Transporters
Q9NW38	E3_Ligase
Q9NWF4	SLC
Q9NWF9	E3_Ligase
Q9NWN3	E3_Ligase
Q9NWR8	Transporters
Q9NWW5	Transporters
Q9NWX5	E3_Ligase
Q9NWZ3	Kinase
Q9NX47	E3_Ligase
Q9NX52	Protease
Q9NX62	Phosphatase
Q9NXD2	Phosphatase
Q9NXH3	Phosphatase
Q9NXI6	E3_Ligase
Q9NXJ5	Protease
Q9NXK8	E3_Ligase
Q9NXL6	Transporters
Q9NXS3	E3_Ligase
Q9NXV2	E3_Ligase
Q9NXW2	Transporters
Q9NY15	Transporters
Q9NY26	SLC
Q9NY26	Transporters
Q9NY33	Protease
Q9NY35	Transporters
Q9NY37	Transporters
Q9NY47	Transporters
Q9NY57	Kinase
Q9NY64	SLC
Q9NY64	Transporters
Q9NY91	SLC
Q9NY91	Transporters
Q9NYA4	Phosphatase
Q9NYB5	SLC
Q9NYB5	Transporters
Q9NYG5	E3_Ligase
Q9NYL2	Kinase
Q9NYM4	GPCR
Q9NYQ6	GPCR
Q9NYQ6	Transporters
Q9NYQ7	GPCR
Q9NYS7	E3_Ligase
Q9NYV4	Kinase
Q9NYV7	GPCR
Q9NYV8	GPCR
Q9NYV9	GPCR
Q9NYW0	GPCR
Q9NYW1	GPCR
Q9NYW2	GPCR
Q9NYW3	GPCR
Q9NYW4	GPCR
Q9NYW5	GPCR
Q9NYW6	GPCR
Q9NYW7	GPCR
Q9NYY3	Kinase
Q9NYZ2	SLC
Q9NYZ2	Transporters
Q9NZ08	Protease
Q9NZ52	Transporters
Q9NZD1	GPCR
Q9NZH0	GPCR
Q9NZI2	Transporters
Q9NZJ5	Kinase
Q9NZJ7	SLC
Q9NZJ7	Transporters
Q9NZJ9	Phosphatase
Q9NZM1	Transporters
Q9NZP0	GPCR
Q9NZP2	GPCR
Q9NZP5	GPCR
Q9NZP6	Transporters
Q9NZP8	Protease
Q9NZQ8	Transporters
Q9NZS9	E3_Ligase
Q9NZV8	E3_Ligase
Q9NZV8	Transporters
Q9P0G3	Protease
Q9P0I2	Transporters
Q9P0K1	Protease
Q9P0L0	Transporters
Q9P0L2	Kinase
Q9P0L9	Transporters
Q9P0N8	E3_Ligase
Q9P0P0	E3_Ligase
Q9P0S2	Transporters
Q9P0T7	Transporters
Q9P0U3	Protease
Q9P1P5	GPCR
Q9P1Q5	GPCR
Q9P1W3	Transporters
Q9P1W9	Kinase
Q9P1Y6	E3_Ligase
Q9P1Z0	E3_Ligase
Q9P203	E3_Ligase
Q9P241	Transporters
Q9P246	Transporters
Q9P253	E3_Ligase
Q9P275	DUB
Q9P275	Protease
Q9P286	Kinase
Q9P289	Kinase
Q9P296	GPCR
Q9P2D0	E3_Ligase
Q9P2D8	Transporters
Q9P2E8	E3_Ligase
Q9P2G1	E3_Ligase
Q9P2G3	E3_Ligase
Q9P2G9	E3_Ligase
Q9P2H5	DUB
Q9P2H5	Protease
Q9P2J3	E3_Ligase
Q9P2J9	Phosphatase
Q9P2K6	E3_Ligase
Q9P2K8	Kinase
Q9P2N4	Protease
Q9P2N7	E3_Ligase
Q9P2P5	E3_Ligase
Q9P2R3	E3_Ligase
Q9P2U7	SLC
Q9P2U7	Transporters
Q9P2U8	SLC
Q9P2U8	Transporters
Q9UBD6	SLC
Q9UBD6	Transporters
Q9UBE8	Kinase
Q9UBF6	E3_Ligase
Q9UBH6	SLC
Q9UBJ2	Transporters
Q9UBN1	Transporters
Q9UBP0	Transporters
Q9UBP5	Transporters
Q9UBQ0	Transporters
Q9UBR2	Protease
Q9UBS0	Kinase
Q9UBS5	GPCR
Q9UBS8	E3_Ligase
Q9UBU6	Transporters
Q9UBU9	Transporters
Q9UBV2	Transporters
Q9UBX1	Protease
Q9UBX2	Transporters
Q9UBX3	SLC
Q9UBX3	Transporters
Q9UBX7	Protease
Q9UBY0	SLC
Q9UBY0	Transporters
Q9UBY5	GPCR
Q9UD71	Phosphatase
Q9UDY6	E3_Ligase
Q9UDY8	Protease
Q9UEE5	Kinase
Q9UEF7	Transporters
Q9UEU0	Transporters
Q9UEW8	Kinase
Q9UF33	Kinase
Q9UG63	Transporters
Q9UGF5	GPCR
Q9UGF6	GPCR
Q9UGF7	GPCR
Q9UGH3	SLC
Q9UGH3	Transporters
Q9UGI0	DUB
Q9UGI0	Protease
Q9UGI6	Transporters
Q9UGI9	Kinase
Q9UGJ0	Kinase
Q9UGM1	Transporters
Q9UGP8	Transporters
Q9UGQ2	Transporters
Q9UGQ3	SLC
Q9UGQ3	Transporters
Q9UH77	E3_Ligase
Q9UH90	E3_Ligase
Q9UH99	Transporters
Q9UHB9	Transporters
Q9UHC7	E3_Ligase
Q9UHC9	SLC
Q9UHC9	Transporters
Q9UHD2	Kinase
Q9UHE8	Transporters
Q9UHI5	SLC
Q9UHI5	Transporters
Q9UHI7	SLC
Q9UHI7	Transporters
Q9UHI8	Protease
Q9UHI8	Transporters
Q9UHJ9	Transporters
Q9UHL4	Protease
Q9UHM6	GPCR
Q9UHM6	Transporters
Q9UHP3	DUB
Q9UHP3	Protease
Q9UHQ4	Transporters
Q9UHW9	SLC
Q9UHW9	Transporters
Q9UHX3	GPCR
Q9UHY1	Kinase
Q9UI12	Transporters
Q9UI14	Transporters
Q9UI26	Transporters
Q9UI33	Transporters
Q9UI38	Protease
Q9UI40	SLC
Q9UI40	Transporters
Q9UI42	Protease
Q9UIA9	Transporters
Q9UIG8	SLC
Q9UIG8	Transporters
Q9UII4	E3_Ligase
Q9UII6	Phosphatase
Q9UIK4	Kinase
Q9UIQ6	Protease
Q9UIX4	E3_Ligase
Q9UIX4	Transporters
Q9UJ14	Protease
Q9UJ41	E3_Ligase
Q9UJ41	Transporters
Q9UJ42	GPCR
Q9UJ42	Transporters
Q9UJ90	Transporters
Q9UJP4	E3_Ligase
Q9UJS0	SLC
Q9UJS0	Transporters
Q9UJT9	E3_Ligase
Q9UJV3	E3_Ligase
Q9UJW2	Protease
Q9UJY1	Kinase
Q9UJY5	Transporters
Q9UK17	E3_Ligase
Q9UK17	Transporters
Q9UK22	E3_Ligase
Q9UK28	Transporters
Q9UK32	Kinase
Q9UK80	DUB
Q9UK80	Protease
Q9UK96	E3_Ligase
Q9UK97	E3_Ligase
Q9UK99	E3_Ligase
Q9UKA1	E3_Ligase
Q9UKA2	E3_Ligase
Q9UKB1	E3_Ligase
Q9UKC9	E3_Ligase
Q9UKE5	Kinase
Q9UKF2	Protease
Q9UKF5	Protease
Q9UKG4	SLC
Q9UKG4	Transporters
Q9UKG9	Transporters
Q9UKI8	Kinase
Q9UKJ8	Protease
Q9UKL2	GPCR
Q9UKL4	Transporters
Q9UKP4	Protease
Q9UKP5	Protease
Q9UKP6	GPCR
Q9UKQ2	Protease
Q9UKQ2	Transporters
Q9UKQ9	Protease
Q9UKR0	Protease
Q9UKR3	Protease
Q9UKT4	E3_Ligase
Q9UKT5	E3_Ligase
Q9UKT7	E3_Ligase
Q9UKT8	E3_Ligase
Q9UKU6	Protease
Q9UKV3	Transporters
Q9UKV5	E3_Ligase
Q9UKX7	Transporters
Q9UKY0	Transporters
Q9UKZ4	Transporters
Q9UL51	Transporters
Q9UL52	Protease
Q9UL54	Kinase
Q9UL62	Transporters
Q9ULA0	Protease
Q9ULB1	Transporters
Q9ULD8	Transporters
Q9ULF5	SLC
Q9ULF5	Transporters
Q9ULH0	Transporters
Q9ULJ3	E3_Ligase
Q9ULJ7	Transporters
Q9ULK6	E3_Ligase
Q9ULQ1	Transporters
Q9ULR3	Phosphatase
Q9ULS5	Transporters
Q9ULS6	E3_Ligase
Q9ULS6	Transporters
Q9ULT6	E3_Ligase
Q9ULT8	E3_Ligase
Q9ULV1	GPCR
Q9ULV8	E3_Ligase
Q9ULW2	GPCR
Q9ULX5	E3_Ligase
Q9ULZ9	Protease
Q9UM00	Transporters
Q9UM01	SLC
Q9UM01	Transporters
Q9UM73	Kinase
Q9UMQ6	Protease
Q9UMR2	Transporters
Q9UMS4	E3_Ligase
Q9UMW8	Protease
Q9UMX3	Transporters
Q9UMX6	Transporters
Q9UMX9	SLC
Q9UMX9	Transporters
Q9UMZ3	Phosphatase
Q9UN76	SLC
Q9UN76	Transporters
Q9UNA0	Protease
Q9UND3	Transporters
Q9UNE7	E3_Ligase
Q9UNH5	Phosphatase
Q9UNI1	Protease
Q9UNI6	Phosphatase
Q9UNW1	Phosphatase
Q9UNW8	GPCR
Q9UP38	GPCR
Q9UP38	Transporters
Q9UP52	Transporters
Q9UP79	Protease
Q9UP95	SLC
Q9UP95	Transporters
Q9UPC5	GPCR
Q9UPE1	Kinase
Q9UPI3	SLC
Q9UPI3	Transporters
Q9UPM8	Transporters
Q9UPN3	Transporters
Q9UPN7	Phosphatase
Q9UPN9	E3_Ligase
Q9UPQ4	E3_Ligase
Q9UPQ7	E3_Ligase
Q9UPR5	SLC
Q9UPR5	Transporters
Q9UPT5	Transporters
Q9UPT9	DUB
Q9UPT9	Protease
Q9UPU3	Transporters
Q9UPU5	DUB
Q9UPU5	Protease
Q9UPW5	Protease
Q9UPY5	SLC
Q9UPY5	Transporters
Q9UPZ9	Kinase
Q9UQ07	Kinase
Q9UQ88	Kinase
Q9UQ90	Protease
Q9UQB9	Kinase
Q9UQD0	Transporters
Q9UQF0	Transporters
Q9UQK1	Phosphatase
Q9UQM7	Kinase
Q9UQQ1	Protease
Q9Y210	Transporters
Q9Y216	Phosphatase
Q9Y217	Phosphatase
Q9Y225	E3_Ligase
Q9Y226	SLC
Q9Y226	Transporters
Q9Y243	Kinase
Q9Y252	E3_Ligase
Q9Y256	Protease
Q9Y257	Transporters
Q9Y267	SLC
Q9Y267	Transporters
Q9Y271	GPCR
Q9Y271	Transporters
Q9Y276	Transporters
Q9Y284	Transporters
Q9Y287	Transporters
Q9Y289	SLC
Q9Y289	Transporters
Q9Y297	E3_Ligase
Q9Y2C5	SLC
Q9Y2C5	Transporters
Q9Y2D2	SLC
Q9Y2D2	Transporters
Q9Y2E6	E3_Ligase
Q9Y2E8	SLC
Q9Y2E8	Transporters
Q9Y2F9	E3_Ligase
Q9Y2G3	Transporters
Q9Y2H1	Kinase
Q9Y2H2	Phosphatase
Q9Y2H9	Kinase
Q9Y2K1	E3_Ligase
Q9Y2K2	Kinase
Q9Y2K6	DUB
Q9Y2K6	Protease
Q9Y2K7	E3_Ligase
Q9Y2M5	E3_Ligase
Q9Y2P4	SLC
Q9Y2P4	Transporters
Q9Y2P5	SLC
Q9Y2P5	Transporters
Q9Y2Q0	Transporters
Q9Y2R2	Phosphatase
Q9Y2T4	Phosphatase
Q9Y2T5	GPCR
Q9Y2T6	GPCR
Q9Y2U5	Kinase
Q9Y2W3	SLC
Q9Y2W3	Transporters
Q9Y2W7	Transporters
Q9Y2Y4	E3_Ligase
Q9Y314	E3_Ligase
Q9Y320	Transporters
Q9Y330	E3_Ligase
Q9Y337	Protease
Q9Y345	SLC
Q9Y345	Transporters
Q9Y371	Transporters
Q9Y397	Transporters
Q9Y3B3	Transporters
Q9Y3B6	Transporters
Q9Y3C0	Transporters
Q9Y3C5	E3_Ligase
Q9Y3I1	E3_Ligase
Q9Y3N9	GPCR
Q9Y3Q0	Protease
Q9Y3Q3	Transporters
Q9Y3Q4	Transporters
Q9Y3Q7	Protease
Q9Y3R0	Transporters
Q9Y3S1	Kinase
Q9Y3Z3	Phosphatase
Q9Y463	Kinase
Q9Y4A9	GPCR
Q9Y4E1	Transporters
Q9Y4E8	DUB
Q9Y4E8	Protease
Q9Y4J8	Transporters
Q9Y4K3	E3_Ligase
Q9Y4K4	Kinase
Q9Y4L1	Transporters
Q9Y4L5	E3_Ligase
Q9Y4P1	Protease
Q9Y4P1	Transporters
Q9Y4W6	Protease
Q9Y4X5	E3_Ligase
Q9Y508	E3_Ligase
Q9Y512	Transporters
Q9Y519	Transporters
Q9Y548	Transporters
Q9Y572	Kinase
Q9Y573	E3_Ligase
Q9Y574	E3_Ligase
Q9Y575	E3_Ligase
Q9Y577	E3_Ligase
Q9Y585	GPCR
Q9Y587	Transporters
Q9Y597	E3_Ligase
Q9Y5J3	Transporters
Q9Y5K2	Protease
Q9Y5K5	DUB
Q9Y5K5	Protease
Q9Y5K6	Transporters
Q9Y5N1	GPCR
Q9Y5P0	GPCR
Q9Y5P1	GPCR
Q9Y5P8	Phosphatase
Q9Y5Q5	Protease
Q9Y5R2	Protease
Q9Y5S1	Transporters
Q9Y5S2	Kinase
Q9Y5S8	Transporters
Q9Y5S9	Transporters
Q9Y5T5	DUB
Q9Y5T5	Protease
Q9Y5U8	SLC
Q9Y5U8	Transporters
Q9Y5X5	GPCR
Q9Y5Y0	SLC
Q9Y5Y0	Transporters
Q9Y5Y3	GPCR
Q9Y5Y4	GPCR
Q9Y5Y5	Transporters
Q9Y5Y6	Protease
Q9Y5Y6	Transporters
Q9Y5Y7	Transporters
Q9Y5Z0	Protease
Q9Y5Z0	Transporters
Q9Y616	Kinase
Q9Y619	SLC
Q9Y619	Transporters
Q9Y639	Transporters
Q9Y646	Protease
Q9Y653	GPCR
Q9Y666	SLC
Q9Y666	Transporters
Q9Y691	Transporters
Q9Y693	Transporters
Q9Y694	SLC
Q9Y694	Transporters
Q9Y696	Transporters
Q9Y698	Transporters
Q9Y6A9	Protease
Q9Y6B7	Transporters
Q9Y6C5	Transporters
Q9Y6C9	SLC
Q9Y6C9	Transporters
Q9Y6E0	Kinase
Q9Y6H3	Protease
Q9Y6H8	Transporters
Q9Y6I4	DUB
Q9Y6I4	Protease
Q9Y6I7	E3_Ligase
Q9Y6I8	Transporters
Q9Y6J0	Phosphatase
Q9Y6J8	Phosphatase
Q9Y6K0	Transporters
Q9Y6L6	SLC
Q9Y6L6	Transporters
Q9Y6L7	Protease
Q9Y6M0	Protease
Q9Y6M4	Kinase
Q9Y6M5	SLC
Q9Y6M5	Transporters
Q9Y6M7	SLC
Q9Y6M7	Transporters
Q9Y6N3	Transporters
Q9Y6Q1	Protease
Q9Y6R1	SLC
Q9Y6R1	Transporters
Q9Y6R4	Kinase
Q9Y6S9	Kinase
Q9Y6U7	E3_Ligase
Q9Y6W3	Protease
Q9Y6W6	Phosphatase
Q9Y6Y0	E3_Ligase
