A0A1B0GTU1	ZC3H11B
A0A1B0GUS4	UBE2L5
A0AV96	RBM47
A0AVF1	TTC26
A0AVT1	UBA6
A0FGR8	ESYT2
A0MZ66	SHTN1
A0PJW6	TMEM223
A1A4S6	ARHGAP10
A1L020	MEX3A
A1L0T0	ILVBL
A1X283	SH3PXD2B
A2A3N6	PIPSL
A2RRP1	NBAS
A2RTX5	TARSL2
A2RU67	FAM234B
A2VDF0	FUOM
A3KMH1	VWA8
A3KN83	SBNO1
A4D1E9	GTPBP10
A4D1P6	WDR91
A4D1U4	KIAA1147
A4UGR9	XIRP2
A5D8V6	VPS37C
A5PLL7	PEDS1
A5PLN9	TRAPPC13
A5YKK6	CNOT1
A6NDG6	PGP
A6NDU8	C5orf51
A6NHL2	TUBAL3
A6NHQ2	FBLL1
A6NHR9	SMCHD1
A6NIH7	UNC119B
A6NIZ1	RAP1BL
A6NJ78	METTL15
A6NKD9	CCDC85C
A6NKF1	SAC3D1
A6NMT0	DBX1
A7E2V4	ZSWIM8
A8CG34	POM121C
A8MPP1	DDX11L8
A8MTT3	CEBPZOS
A8MVM7	A8MVM7
A8MXV4	NUDT19
A9UHW6	MIF4GD
B1AJZ9	FHAD1
B2RBV5	LOC93622
B2RTY4	MYO9A
B5MCY1	TDRD15
B7ZAP0	RABGAP1L
B8YQ01	B8YQ01
B9A064	IGLL5
E9PAV3	NACA
E9PRG8	C11orf98
L0R6Q1	SLC35A4
O00115	DNASE2
O00116	AGPS
O00139	KIF2A
O00148	DDX39A
O00151	PDLIM1
O00154	ACOT7
O00159	MYO1C
O00161	SNAP23
O00165	HAX1
O00170	AIP
O00178	GTPBP1
O00186	STXBP3
O00189	AP4M1
O00192	ARVCF
O00193	C11orf58
O00203	AP3B1
O00213	APBB1
O00217	NDUFS8
O00221	NFKBIE
O00231	PSMD11
O00232	PSMD12
O00233	PSMD9
O00244	ATOX1
O00255	MEN1
O00257	CBX4
O00264	PGRMC1
O00267	SUPT5H
O00268	TAF4
O00273	DFFA
O00291	HIP1
O00299	CLIC1
O00303	EIF3F
O00308	WWP2
O00311	CDC7
O00330	PDHX
O00399	DCTN6
O00400	SLC33A1
O00401	WASL
O00410	IPO5
O00411	POLRMT
O00422	SAP18
O00425	IGF2BP3
O00429	DNM1L
O00442	RTCA
O00443	PIK3C2A
O00458	IFRD1
O00459	PIK3R2
O00461	GOLIM4
O00462	MANBA
O00469	PLOD2
O00470	MEIS1
O00471	EXOC5
O00479	HMGN4
O00483	NDUFA4
O00487	PSMD14
O00488	ZNF593
O00505	KPNA3
O00507	USP9Y
O00541	PES1
O00560	SDCBP
O00566	MPHOSPH10
O00567	NOP56
O00571	DDX3X
O00584	RNASET2
O00592	PODXL
O00623	PEX12
O00625	PIR
O00629	KPNA4
O00716	E2F3
O00743	PPP6C
O00746	NME4
O00754	MAN2B1
O00763	ACACB
O00764	PDXK
O00767	SCD
O14495	PLPP3
O14497	ARID1A
O14519	CDK2AP1
O14521	SDHD
O14523	C2CD2L
O14524	NEMP1
O14530	TXNDC9
O14531	DPYSL4
O14548	COX7A2L
O14561	NDUFAB1
O14562	UBFD1
O14578	CIT
O14579	COPE
O14617	AP3D1
O14641	DVL2
O14646	CHD1
O14647	CHD2
O14653	GOSR2
O14654	IRS4
O14656	TOR1A
O14657	TOR1B
O14662	STX16
O14672	ADAM10
O14678	ABCD4
O14681	EI24
O14683	TP53I11
O14715	RGPD8
O14727	APAF1
O14733	MAP2K7
O14734	ACOT8
O14735	CDIPT
O14737	PDCD5
O14744	PRMT5
O14745	SLC9A3R1
O14757	CHEK1
O14770	MEIS2
O14772	FPGT
O14773	TPP1
O14776	TCERG1
O14777	NDC80
O14782	KIF3C
O14786	NRP1
O14787	TNPO2
O14795	UNC13B
O14802	POLR3A
O14818	PSMA7
O14828	SCAMP3
O14867	BACH1
O14874	BCKDK
O14880	MGST3
O14908	GIPC1
O14910	LIN7A
O14920	IKBKB
O14925	TIMM23
O14929	HAT1
O14936	CASK
O14949	UQCRQ
O14957	UQCR11
O14964	HGS
O14965	AURKA
O14966	RAB29
O14967	CLGN
O14972	DSCR3
O14974	PPP1R12A
O14975	SLC27A2
O14976	GAK
O14979	HNRNPDL
O14980	XPO1
O14981	BTAF1
O14983	ATP2A1
O15013	ARHGEF10
O15020	SPTBN2
O15027	SEC16A
O15031	PLXNB2
O15040	TECPR2
O15042	U2SURP
O15047	SETD1A
O15067	PFAS
O15078	CEP290
O15084	ANKRD28
O15085	ARHGEF11
O15091	KIAA0391
O15111	CHUK
O15118	NPC1
O15120	AGPAT2
O15121	DEGS1
O15126	SCAMP1
O15127	SCAMP2
O15131	KPNA5
O15143	ARPC1B
O15144	ARPC2
O15145	ARPC3
O15155	BET1
O15160	POLR1C
O15164	TRIM24
O15173	PGRMC2
O15212	PFDN6
O15213	WDR46
O15217	GSTA4
O15226	NKRF
O15228	GNPAT
O15235	MRPS12
O15254	ACOX3
O15258	RER1
O15260	SURF4
O15269	SPTLC1
O15270	SPTLC2
O15287	FANCG
O15294	OGT
O15305	PMM2
O15321	TM9SF1
O15344	MID1
O15347	HMGB3
O15355	PPM1G
O15357	INPPL1
O15360	FANCA
O15371	EIF3D
O15372	EIF3H
O15379	HDAC3
O15381	NVL
O15382	BCAT2
O15391	YY2
O15397	IPO8
O15400	STX7
O15439	ABCC4
O15446	CD3EAP
O15460	P4HA2
O15484	CAPN5
O15498	YKT6
O15504	NUPL2
O15511	ARPC5
O15514	POLR2D
O15530	PDPK1
O15533	TAPBP
O15550	KDM6A
O43143	DHX15
O43148	RNMT
O43149	ZZEF1
O43156	TTI1
O43159	RRP8
O43164	PJA2
O43166	SIPA1L1
O43169	CYB5B
O43172	PRPF4
O43175	PHGDH
O43237	DYNC1LI2
O43242	PSMD3
O43251	RBFOX2
O43252	PAPSS1
O43264	ZW10
O43286	B4GALT5
O43290	SART1
O43292	GPAA1
O43293	DAPK3
O43301	HSPA12A
O43314	PPIP5K2
O43318	MAP3K7
O43324	EEF1E1
O43347	MSI1
O43353	RIPK2
O43379	WDR62
O43390	HNRNPR
O43395	PRPF3
O43396	TXNL1
O43399	TPD52L2
O43402	EMC8
O43405	COCH
O43414	ERI3
O43426	SYNJ1
O43427	FIBP
O43432	EIF4G3
O43447	PPIH
O43464	HTRA2
O43482	OIP5
O43488	AKR7A2
O43491	EPB41L2
O43493	TGOLN2
O43502	RAD51C
O43504	LAMTOR5
O43505	B4GAT1
O43524	FOXO3
O43542	XRCC3
O43567	RNF13
O43572	AKAP10
O43583	DENR
O43592	XPOT
O43598	DNPH1
O43615	TIMM44
O43617	TRAPPC3
O43633	CHMP2A
O43639	NCK2
O43657	TSPAN6
O43660	PLRG1
O43663	PRC1
O43665	RGS10
O43670	ZNF207
O43674	NDUFB5
O43676	NDUFB3
O43678	NDUFA2
O43681	ASNA1
O43683	BUB1
O43684	BUB3
O43707	ACTN4
O43708	GSTZ1
O43709	BUD23
O43716	GATC
O43719	HTATSF1
O43731	KDELR3
O43747	AP1G1
O43752	STX6
O43760	SYNGR2
O43765	SGTA
O43768	ENSA
O43772	SLC25A20
O43776	NARS
O43791	SPOP
O43795	MYO1B
O43805	SSNA1
O43808	SLC25A17
O43809	NUDT21
O43813	LANCL1
O43815	STRN
O43818	RRP9
O43819	SCO2
O43823	AKAP8
O43824	GTPBP6
O43826	SLC37A4
O43837	IDH3B
O43847	NRDC
O43852	CALU
O43865	AHCYL1
O43896	KIF1C
O43909	EXTL3
O43913	ORC5
O43920	NDUFS5
O43924	PDE6D
O43929	ORC4
O43933	PEX1
O60216	RAD21
O60220	TIMM8A
O60231	DHX16
O60244	MED14
O60245	PCDH7
O60256	PRPSAP2
O60264	SMARCA5
O60266	ADCY3
O60271	SPAG9
O60281	ZNF292
O60282	KIF5C
O60287	URB1
O60291	MGRN1
O60293	ZFC3H1
O60294	LCMT2
O60306	AQR
O60313	OPA1
O60315	ZEB2
O60318	MCM3AP
O60333	KIF1B
O60341	KDM1A
O60343	TBC1D4
O60346	PHLPP1
O60361	NME2P1
O60427	FADS1
O60437	PPL
O60443	GSDME
O60476	MAN1A2
O60488	ACSL4
O60493	SNX3
O60499	STX10
O60502	MGEA5
O60504	SORBS3
O60506	SYNCRIP
O60508	CDC40
O60512	B4GALT3
O60518	RANBP6
O60522	TDRD6
O60524	NEMF
O60547	GMDS
O60551	NMT2
O60563	CCNT1
O60566	BUB1B
O60568	PLOD3
O60573	EIF4E2
O60583	CCNT2
O60610	DIAPH1
O60613	SELENOF
O60637	TSPAN3
O60645	EXOC3
O60658	PDE8A
O60664	PLIN3
O60671	RAD1
O60678	PRMT3
O60684	KPNA6
O60701	UGDH
O60716	CTNND1
O60725	ICMT
O60739	EIF1B
O60749	SNX2
O60759	CYTIP
O60762	DPM1
O60763	USO1
O60783	MRPS14
O60784	TOM1
O60825	PFKFB2
O60826	CCDC22
O60828	PQBP1
O60830	TIMM17B
O60831	PRAF2
O60832	DKC1
O60841	EIF5B
O60858	TRIM13
O60869	EDF1
O60870	KIN
O60879	DIAPH2
O60884	DNAJA2
O60885	BRD4
O60888	CUTA
O60911	CTSV
O60921	HUS1
O60925	PFDN1
O60934	NBN
O60942	RNGTT
O75027	ABCB7
O75037	KIF21B
O75044	SRGAP2
O75063	FAM20B
O75071	EFCAB14
O75083	WDR1
O75113	N4BP1
O75116	ROCK2
O75122	CLASP2
O75127	PTCD1
O75128	COBL
O75131	CPNE3
O75132	ZBED4
O75143	ATG13
O75146	HIP1R
O75147	OBSL1
O75150	RNF40
O75151	PHF2
O75152	ZC3H11A
O75153	CLUH
O75155	CAND2
O75165	DNAJC13
O75170	PPP6R2
O75175	CNOT3
O75179	ANKRD17
O75182	SIN3B
O75190	DNAJB6
O75192	PEX11A
O75204	TMEM127
O75208	COQ9
O75223	GGCT
O75251	NDUFS7
O75298	RTN2
O75306	NDUFS2
O75312	ZPR1
O75319	DUSP11
O75323	NIPSNAP2
O75330	HMMR
O75340	PDCD6
O75347	TBCA
O75348	ATP6V1G1
O75351	VPS4B
O75352	MPDU1
O75367	H2AFY
O75368	SH3BGRL
O75369	FLNB
O75376	NCOR1
O75380	NDUFS6
O75381	PEX14
O75382	TRIM3
O75386	TULP3
O75390	CS
O75394	MRPL33
O75396	SEC22B
O75400	PRPF40A
O75410	TACC1
O75414	NME6
O75419	CDC45
O75427	LRCH4
O75431	MTX2
O75436	VPS26A
O75438	NDUFB1
O75439	PMPCB
O75446	SAP30
O75448	MED24
O75449	KATNA1
O75475	PSIP1
O75477	ERLIN1
O75486	SUPT3H
O75487	GPC4
O75489	NDUFS3
O75494	SRSF10
O75503	CLN5
O75521	ECI2
O75525	KHDRBS3
O75528	TADA3
O75529	TAF5L
O75530	EED
O75531	BANF1
O75533	SF3B1
O75534	CSDE1
O75569	PRKRA
O75575	CRCP
O75581	LRP6
O75582	RPS6KA5
O75592	MYCBP2
O75600	GCAT
O75607	NPM3
O75608	LYPLA1
O75616	ERAL1
O75629	CREG1
O75635	SERPINB7
O75643	SNRNP200
O75648	TRMU
O75663	TIPRL
O75665	OFD1
O75683	SURF6
O75691	UTP20
O75694	NUP155
O75695	RP2
O75717	WDHD1
O75718	CRTAP
O75746	SLC25A12
O75787	ATP6AP2
O75792	RNASEH2A
O75794	CDC123
O75815	BCAR3
O75817	POP7
O75818	RPP40
O75821	EIF3G
O75822	EIF3J
O75828	CBR3
O75832	PSMD10
O75844	ZMPSTE24
O75845	SC5D
O75874	IDH1
O75879	GATB
O75880	SCO1
O75881	CYP7B1
O75882	ATRN
O75884	RBBP9
O75886	STAM2
O75909	CCNK
O75911	DHRS3
O75915	ARL6IP5
O75925	PIAS1
O75928	PIAS2
O75934	BCAS2
O75935	DCTN3
O75937	DNAJC8
O75940	SMNDC1
O75947	ATP5H
O75955	FLOT1
O75962	TRIO
O75964	ATP5L
O75970	MPDZ
O75976	CPD
O76003	GLRX3
O76021	RSL1D1
O76024	WFS1
O76031	CLPX
O76054	SEC14L2
O76062	TM7SF2
O76071	CIAO1
O76075	DFFB
O76094	SRP72
O94760	DDAH1
O94761	RECQL4
O94762	RECQL5
O94766	B3GAT3
O94776	MTA2
O94782	USP1
O94788	ALDH1A2
O94804	STK10
O94806	PRKD3
O94808	GFPT2
O94813	SLIT2
O94822	LTN1
O94826	TOMM70
O94830	DDHD2
O94832	MYO1D
O94842	TOX4
O94855	SEC24D
O94874	UFL1
O94880	PHF14
O94886	TMEM63A
O94887	FARP2
O94888	UBXN7
O94898	LRIG2
O94901	SUN1
O94903	PLPBP
O94905	ERLIN2
O94906	PRPF6
O94913	PCF11
O94915	FRYL
O94916	NFAT5
O94919	ENDOD1
O94923	GLCE
O94925	GLS
O94927	HAUS5
O94952	FBXO21
O94955	RHOBTB3
O94966	USP19
O94967	WDR47
O94973	AP2A2
O94979	SEC31A
O94992	HEXIM1
O95059	RPP14
O95067	CCNB2
O95070	YIF1A
O95071	UBR5
O95081	AGFG2
O95104	SCAF4
O95139	NDUFB6
O95140	MFN2
O95155	UBE4B
O95159	ZFPL1
O95163	ELP1
O95167	NDUFA3
O95168	NDUFB4
O95169	NDUFB8
O95182	NDUFA7
O95197	RTN3
O95202	LETM1
O95208	EPN2
O95218	ZRANB2
O95219	SNX4
O95229	ZWINT
O95232	LUC7L3
O95235	KIF20A
O95239	KIF4A
O95248	SBF1
O95249	GOSR1
O95251	KAT7
O95260	ATE1
O95292	VAPB
O95295	SNAPIN
O95297	MPZL1
O95298	NDUFC2
O95299	NDUFA10
O95302	FKBP9
O95319	CELF2
O95336	PGLS
O95340	PAPSS2
O95342	ABCB11
O95347	SMC2
O95352	ATG7
O95363	FARS2
O95372	LYPLA2
O95373	IPO7
O95376	ARIH2
O95379	TNFAIP8
O95382	MAP3K6
O95391	SLU7
O95394	PGM3
O95396	MOCS3
O95400	CD2BP2
O95405	ZFYVE9
O95425	SVIL
O95429	BAG4
O95433	AHSA1
O95453	PARN
O95456	PSMG1
O95470	SGPL1
O95478	NSA2
O95486	SEC24A
O95487	SEC24B
O95490	ADGRL2
O95503	CBX6
O95551	TDP2
O95563	MPC2
O95571	ETHE1
O95573	ACSL3
O95602	POLR1A
O95613	PCNT
O95619	YEATS4
O95628	CNOT4
O95630	STAMBP
O95639	CPSF4
O95674	CDS2
O95677	EYA4
O95684	FGFR1OP
O95696	BRD1
O95707	POP4
O95714	HERC2
O95716	RAB3D
O95721	SNAP29
O95747	OXSR1
O95749	GGPS1
O95755	RAB36
O95757	HSPA4L
O95758	PTBP3
O95772	STARD3NL
O95777	LSM8
O95782	AP2A1
O95785	WIZ
O95793	STAU1
O95801	TTC4
O95816	BAG2
O95817	BAG3
O95819	MAP4K4
O95822	MLYCD
O95825	CRYZL1
O95831	AIFM1
O95858	TSPAN15
O95861	BPNT1
O95864	FADS2
O95865	DDAH2
O95870	ABHD16A
O95873	C6orf47
O95881	TXNDC12
O95900	TRUB2
O95905	ECD
O95983	MBD3
O95985	TOP3B
O95989	NUDT3
O95999	BCL10
O96000	NDUFB10
O96005	CLPTM1
O96006	ZBED1
O96007	MOCS2
O96008	TOMM40
O96011	PEX11B
O96013	PAK4
O96017	CHEK2
O96019	ACTL6A
O96028	NSD2
P00338	LDHA
P00367	GLUD1
P00374	DHFR
P00387	CYB5R3
P00390	GSR
P00395	COX1
P00403	COX2
P00491	PNP
P00492	HPRT1
P00505	GOT2
P00533	EGFR
P00558	PGK1
P00568	AK1
P00738	HP
P00813	ADA
P00846	ATP6
P00966	ASS1
P01009	SERPINA1
P01011	SERPINA3
P01023	A2M
P01036	CST4
P01037	CST1
P01040	CSTA
P01106	MYC
P01111	NRAS
P01130	LDLR
P01833	PIGR
P01834	IGKC
P01857	IGHG1
P01876	IGHA1
P01889	HLA-B
P02545	LMNA
P02647	APOA1
P02652	APOA2
P02654	APOC1
P02655	APOC2
P02656	APOC3
P02671	FGA
P02763	ORM1
P02766	TTR
P02786	TFRC
P02792	FTL
P02794	FTH1
P02814	SMR3B
P03886	ND1
P03891	ND2
P03905	ND4
P03915	ND5
P03928	ATP8
P04035	HMGCR
P04049	RAF1
P04062	GBA
P04066	FUCA1
P04075	ALDOA
P04080	CSTB
P04083	ANXA1
P04114	APOB
P04150	NR3C1
P04179	SOD2
P04181	OAT
P04183	TK1
P04279	SEMG1
P04350	TUBB4A
P04406	GAPDH
P04439	HLA-A
P04626	ERBB2
P04632	CAPNS1
P04637	TP53
P04792	HSPB1
P04818	TYMS
P04843	RPN1
P04844	RPN2
P04899	GNAI2
P04920	SLC4A2
P05023	ATP1A1
P05026	ATP1B1
P05067	APP
P05089	ARG1
P05090	APOD
P05091	ALDH2
P05109	S100A8
P05114	HMGN1
P05141	SLC25A5
P05164	MPO
P05165	PCCA
P05166	PCCB
P05198	EIF2S1
P05204	HMGN2
P05386	RPLP1
P05387	RPLP2
P05388	RPLP0
P05412	JUN
P05455	SSB
P05496	ATP5G1
P05549	TFAP2A
P05556	ITGB1
P05771	PRKCB
P05783	KRT18
P06132	UROD
P06213	INSR
P06241	FYN
P06280	GLA
P06340	HLA-DOA
P06400	RB1
P06454	PTMA
P06493	CDK1
P06576	ATP5B
P06702	S100A9
P06730	EIF4E
P06733	ENO1
P06737	PYGL
P06744	GPI
P06746	POLB
P06748	NPM1
P06753	TPM3
P06756	ITGAV
P06865	HEXA
P07099	EPHX1
P07108	DBI
P07195	LDHB
P07196	NEFL
P07197	NEFM
P07199	CENPB
P07205	PGK2
P07237	P4HB
P07305	H1F0
P07355	ANXA2
P07384	CAPN1
P07437	TUBB
P07602	PSAP
P07686	HEXB
P07711	CTSL
P07737	PFN1
P07741	APRT
P07814	EPRS
P07858	CTSB
P07900	HSP90AA1
P07910	HNRNPC
P07942	LAMB1
P07947	YES1
P07948	LYN
P07951	TPM2
P07954	FH
P08047	SP1
P08069	IGF1R
P08133	ANXA6
P08134	RHOC
P08174	CD55
P08183	ABCB1
P08195	SLC3A2
P08236	GUSB
P08237	PFKM
P08238	HSP90AB1
P08240	SRPRA
P08243	ASNS
P08247	SYP
P08397	HMBS
P08559	PDHA1
P08574	CYC1
P08579	SNRPB2
P08581	MET
P08621	SNRNP70
P08651	NFIC
P08670	VIM
P08708	RPS17
P08754	GNAI3
P08865	RPSA
P08962	CD63
P09001	MRPL3
P09012	SNRPA
P09104	ENO2
P09110	ACAA1
P09132	SRP19
P09234	SNRPC
P09382	LGALS1
P09417	QDPR
P09429	HMGB1
P09455	RBP1
P09471	GNAO1
P09493	TPM1
P09496	CLTA
P09497	CLTB
P09525	ANXA4
P09543	CNP
P09601	HMOX1
P09622	DLD
P09651	HNRNPA1
P09661	SNRPA1
P09669	COX6C
P09874	PARP1
P09884	POLA1
P09936	UCHL1
P09960	LTA4H
P09972	ALDOC
P0C7P0	CISD3
P0CG08	GPR89B
P0CG13	CHTF8
P0CG38	POTEI
P0DI82	TRAPPC2B
P0DJ07	PET100
P0DJI9	SAA2
P0DMN0	SULT1A4
P0DMV9	HSPA1B
P0DN79	P0DN79
P0DP25	CALM3
P10109	FDX1
P10155	TROVE2
P10243	MYBL1
P10253	GAA
P10301	RRAS
P10321	HLA-C
P10398	ARAF
P10412	HIST1H1E
P10515	DLAT
P10586	PTPRF
P10588	NR2F6
P10589	NR2F1
P10606	COX5B
P10619	CTSA
P10620	MGST1
P10644	PRKAR1A
P10768	ESD
P10809	HSPD1
P10909	CLU
P11021	HSPA5
P11047	LAMC1
P11117	ACP2
P11142	HSPA8
P11166	SLC2A1
P11171	EPB41
P11172	UMPS
P11177	PDHB
P11182	DBT
P11216	PYGB
P11217	PYGM
P11233	RALA
P11234	RALB
P11274	BCR
P11277	SPTB
P11279	LAMP1
P11310	ACADM
P11362	FGFR1
P11387	TOP1
P11388	TOP2A
P11413	G6PD
P11441	UBL4A
P11474	ESRRA
P11498	PC
P11532	DMD
P11586	MTHFD1
P11717	IGF2R
P11766	ADH5
P11802	CDK4
P11908	PRPS2
P11940	PABPC1
P12004	PCNA
P12235	SLC25A4
P12236	SLC25A6
P12268	IMPDH2
P12270	TPR
P12273	PIP
P12277	CKB
P12429	ANXA3
P12532	CKMT1A*
P12694	BCKDHA
P12814	ACTN1
P12931	SRC
P12955	PEPD
P12956	XRCC6
P13010	XRCC5
P13051	UNG
P13073	COX4I1
P13196	ALAS1
P13473	LAMP2
P13489	RNH1
P13498	CYBA
P13591	NCAM1
P13637	ATP1A3
P13639	EEF2
P13646	KRT13
P13667	PDIA4
P13674	P4HA1
P13693	TPT1
P13747	HLA-E
P13797	PLS3
P13798	APEH
P13804	ETFA
P13807	GYS1
P13861	PRKAR2A
P13929	ENO3
P13984	GTF2F2
P13995	MTHFD2
P14174	MIF
P14314	PRKCSH
P14324	FDPS
P14373	TRIM27
P14406	COX7A2
P14543	NID1
P14550	AKR1A1
P14618	PKM
P14625	HSP90B1
P14635	CCNB1
P14649	MYL6B
P14672	SLC2A4
P14735	IDE
P14854	COX6B1
P14859	POU2F1
P14866	HNRNPL
P14868	DARS
P14923	JUP
P14927	UQCRB
P15056	BRAF
P15104	GLUL
P15121	AKR1B1
P15151	PVR
P15170	GSPT1
P15260	IFNGR1
P15289	ARSA
P15291	B4GALT1
P15311	EZR
P15374	UCHL3
P15529	CD46
P15531	NME1
P15586	GNS
P15735	PHKG2
P15880	RPS2
P15924	DSP
P15927	RPA2
P15954	COX7C
P16104	H2AFX
P16152	CBR1
P16219	ACADS
P16220	CREB1
P16260	SLC25A16
P16278	GLB1
P16298	PPP3CB
P16333	NCK1
P16383	GCFC2
P16401	HIST1H1B
P16402	HIST1H1D
P16403	HIST1H1C
P16435	POR
P16455	MGMT
P16591	FER
P16615	ATP2A2
P16870	CPE
P16885	PLCG2
P16930	FAH
P16949	STMN1
P16989	YBX3
P17028	ZNF24
P17050	NAGA
P17066	HSPA6
P17096	HMGA1
P17152	TMEM11
P17174	GOT1
P17252	PRKCA
P17301	ITGA2
P17302	GJA1
P17405	SMPD1
P17480	UBTF
P17482	HOXB9
P17509	HOXB6
P17544	ATF7
P17568	NDUFB7
P17612	PRKACA
P17655	CAPN2
P17661	DES
P17693	HLA-G
P17706	PTPN2
P17812	CTPS1
P17844	DDX5
P17858	PFKL
P17900	GM2A
P17931	LGALS3
P17980	PSMC3
P17987	TCP1
P18031	PTPN1
P18074	ERCC2
P18077	RPL35A
P18085	ARF4
P18124	RPL7
P18206	VCL
P18433	PTPRA
P18583	SON
P18615	NELFE
P18621	RPL17
P18669	PGAM1
P18754	RCC1
P18846	ATF1
P18858	LIG1
P18859	ATP5J
P18887	XRCC1
P19021	PAM
P19022	CDH2
P19174	PLCG1
P19338	NCL
P19367	HK1
P19387	POLR2C
P19388	POLR2E
P19404	NDUFV2
P19447	ERCC3
P19474	TRIM21
P19525	EIF2AK2
P19622	EN2
P19623	SRM
P19784	CSNK2A2
P19838	NFKB1
P19971	TYMP
P20020	ATP2B1
P20042	EIF2S2
P20073	ANXA7
P20226	TBP
P20248	CCNA2
P20290	BTF3
P20336	RAB3A
P20337	RAB3B
P20338	RAB4A
P20339	RAB5A
P20340	RAB6A
P20585	MSH3
P20618	PSMB1
P20645	M6PR
P20674	COX5A
P20700	LMNB1
P20810	CAST
P20839	IMPDH1
P20933	AGA
P20936	RASA1
P21127	CDK11B
P21266	GSTM3
P21281	ATP6V1B2
P21283	ATP6V1C1
P21333	FLNA
P21359	NF1
P21399	ACO1
P21675	TAF1
P21796	VDAC1
P21912	SDHB
P21953	BCKDHB
P21964	COMT
P22033	MUT
P22059	OSBP
P22061	PCMT1
P22087	FBL
P22090	RPS4Y1
P22102	GART
P22234	PAICS
P22307	SCP2
P22314	UBA1
P22392	NME2
P22413	ENPP1
P22415	USF1
P22466	GAL
P22492	HIST1H1T
P22570	FDXR
P22607	FGFR3
P22612	PRKACG
P22626	HNRNPA2B1
P22670	RFX1
P22681	CBL
P22694	PRKACB
P22695	UQCRC2
P22735	TGM1
P22830	FECH
P23025	XPA
P23193	TCEA1
P23229	ITGA6
P23246	SFPQ
P23258	TUBG1
P23284	PPIB
P23368	ME2
P23378	GLDC
P23381	WARS
P23396	RPS3
P23458	JAK1
P23508	MCC
P23526	AHCY
P23528	CFL1
P23588	EIF4B
P23634	ATP2B4
P23763	VAMP1
P23786	CPT2
P23919	DTYMK
P23921	RRM1
P24158	PRTN3
P24386	CHM
P24390	KDELR1
P24468	NR2F2
P24534	EEF1B2
P24539	ATP5F1
P24588	AKAP5
P24666	ACP1
P24752	ACAT1
P24863	CCNC
P24928	POLR2A
P24941	CDK2
P25054	APC
P25098	GRK2
P25205	MCM3
P25208	NFYB
P25311	AZGP1
P25325	MPST
P25398	RPS12
P25440	BRD2
P25490	YY1
P25685	DNAJB1
P25705	ATP5A1
P25786	PSMA1
P25787	PSMA2
P25788	PSMA3
P25789	PSMA4
P26038	MSN
P26196	DDX6
P26232	CTNNA2
P26358	DNMT1
P26367	PAX6
P26368	U2AF2
P26373	RPL13
P26374	CHML
P26440	IVD
P26572	MGAT1
P26583	HMGB2
P26599	PTBP1
P26639	TARS
P26640	VARS1
P26641	EEF1G
P26885	FKBP2
P27105	STOM
P27144	AK4
P27338	MAOB
P27348	YWHAQ
P27361	MAPK3
P27448	MARK3
P27449	ATP6V0C
P27544	CERS1
P27635	RPL10
P27694	RPA1
P27695	APEX1
P27707	DCK
P27708	CAD
P27797	CALR
P27816	MAP4
P27824	CANX
P28066	PSMA5
P28070	PSMB4
P28072	PSMB6
P28074	PSMB5
P28161	GSTM2
P28288	ABCD3
P28289	TMOD1
P28290	SSFA2
P28331	NDUFS1
P28340	POLD1
P28347	TEAD1
P28356	HOXD9
P28370	SMARCA1
P28482	MAPK1
P28702	RXRB
P28749	RBL1
P28838	LAP3
P29083	GTF2E1
P29084	GTF2E2
P29144	TPP2
P29218	IMPA1
P29317	EPHA2
P29353	SHC1
P29372	MPG
P29373	CRABP2
P29374	ARID4A
P29375	KDM5A
P29401	TKT
P29508	SERPINB3
P29590	PML
P29597	TYK2
P29692	EEF1D
P29966	MARCKS
P29992	GNA11
P30038	ALDH4A1
P30040	ERP29
P30041	PRDX6
P30043	BLVRB
P30044	PRDX5
P30046	DDT
P30048	PRDX3
P30049	ATP5D
P30050	RPL12
P30084	ECHS1
P30085	CMPK1
P30086	PEBP1
P30101	PDIA3
P30153	PPP2R1A
P30154	PPP2R1B
P30260	CDC27
P30307	CDC25C
P30405	PPIF
P30414	NKTR
P30419	NMT1
P30511	HLA-F
P30519	HMOX2
P30520	ADSS
P30533	LRPAP1
P30536	TSPO
P30566	ADSL
P30622	CLIP1
P30626	SRI
P30740	SERPINB1
P30825	SLC7A1
P30837	ALDH1B1
P30876	POLR2B
P31025	LCN1
P31040	SDHA
P31146	CORO1A
P31150	GDI1
P31151	S100A7
P31152	MAPK4
P31153	MAT2A
P31260	HOXA10
P31270	HOXA11
P31274	HOXC9
P31277	HOXD11
P31321	PRKAR1B
P31323	PRKAR2B
P31350	RRM2
P31483	TIA1
P31689	DNAJA1
P31749	AKT1
P31751	AKT2
P31930	UQCRC1
P31937	HIBADH
P31939	ATIC
P31942	HNRNPH3
P31943	HNRNPH1
P31944	CASP14
P31946	YWHAB
P31947	SFN
P31948	STIP1
P31949	S100A11
P32119	PRDX2
P32121	ARRB2
P32189	GK
P32321	DCTD
P32322	PYCR1
P32780	GTF2H1
P32929	CTH
P32969	RPL9
P33121	ACSL1
P33176	KIF5B
P33240	CSTF2
P33316	DUT
P33527	ABCC1
P33897	ABCD1
P33908	MAN1A1
P33947	KDELR2
P33981	TTK
P33991	MCM4
P33992	MCM5
P33993	MCM7
P34059	GALNS
P34896	SHMT1
P34897	SHMT2
P34913	EPHX2
P34931	HSPA1L
P34932	HSPA4
P34949	MPI
P35030	PRSS3
P35080	PFN2
P35219	CA8
P35221	CTNNA1
P35222	CTNNB1
P35226	BMI1
P35227	PCGF2
P35232	PHB
P35237	SERPINB6
P35240	NF2
P35241	RDX
P35244	RPA3
P35249	RFC4
P35250	RFC2
P35251	RFC1
P35268	RPL22
P35269	GTF2F1
P35270	SPR
P35453	HOXD13
P35573	AGL
P35579	MYH9
P35580	MYH10
P35606	COPB2
P35609	ACTN2
P35610	SOAT1
P35611	ADD1
P35612	ADD2
P35613	BSG
P35637	FUS
P35658	NUP214
P35659	DEK
P35670	ATP7B
P35749	MYH11
P35754	GLRX
P35790	CHKA
P35914	HMGCL
P35998	PSMC2
P36383	GJC1
P36404	ARL2
P36405	ARL3
P36406	TRIM23
P36507	MAP2K2
P36542	ATP5C1
P36543	ATP6V1E1
P36551	CPOX
P36578	RPL4
P36639	NUDT1
P36776	LONP1
P36871	PGM1
P36873	PPP1CC
P36896	ACVR1B
P36915	GNL1
P36952	SERPINB5
P36957	DLST
P37108	SRP14
P37198	NUP62
P37235	HPCAL1
P37268	FDFT1
P37275	ZEB1
P37287	PIGA
P37802	TAGLN2
P37837	TALDO1
P38117	ETFB
P38159	RBMX
P38398	BRCA1
P38432	COIL
P38435	GGCX
P38571	LIPA
P38606	ATP6V1A
P38646	HSPA9
P38919	EIF4A3
P38935	IGHMBP2
P39019	RPS19
P39023	RPL3
P39210	MPV17
P39656	DDOST
P39687	ANP32A
P39748	FEN1
P39880	CUX1
P40123	CAP2
P40222	TXLNA
P40227	CCT6A
P40425	PBX2
P40429	RPL13A
P40616	ARL1
P40692	MLH1
P40763	STAT3
P40818	USP8
P40855	PEX19
P40925	MDH1
P40926	MDH2
P40937	RFC5
P40938	RFC3
P40939	HADHA
P41091	EIF2S3
P41208	CETN2
P41214	EIF2D
P41219	PRPH
P41223	BUD31
P41227	NAA10
P41229	KDM5C
P41240	CSK
P41247	PNPLA4
P41250	GARS
P41252	IARS
P41440	SLC19A1
P41567	EIF1
P41743	PRKCI
P42025	ACTR1B
P42126	ECI1
P42166	TMPO
P42167	TMPO
P42224	STAT1
P42285	SKIV2L2
P42345	MTOR
P42356	PI4KA
P42357	HAL
P42566	EPS15
P42574	CASP3
P42575	CASP2
P42677	RPS27
P42694	HELZ
P42695	NCAPD3
P42696	RBM34
P42704	LRPPRC
P42765	ACAA2
P42766	RPL35
P42771	CDKN2A
P42772	CDKN2B
P42785	PRCP
P42858	HTT
P42892	ECE1
P42898	MTHFR
P43007	SLC1A4
P43034	PAFAH1B1
P43121	MCAM
P43155	CRAT
P43243	MATR3
P43246	MSH2
P43304	GPD2
P43307	SSR1
P43308	SSR2
P43378	PTPN9
P43487	RANBP1
P43490	NAMPT
P43686	PSMC4
P43897	TSFM
P45877	PPIC
P45880	VDAC2
P45954	ACADSB
P45973	CBX5
P45974	USP5
P45983	MAPK8
P45984	MAPK9
P45985	MAP2K4
P46013	MKI67
P46020	PHKA1
P46060	RANGAP1
P46063	RECQL
P46087	NOP2
P46100	ATRX
P46108	CRK
P46109	CRKL
P46199	MTIF2
P46379	BAG6
P46459	NSF
P46734	MAP2K3
P46776	RPL27A
P46777	RPL5
P46778	RPL21
P46779	RPL28
P46781	RPS9
P46782	RPS5
P46783	RPS10
P46821	MAP1B
P46926	GNPDA1
P46934	NEDD4
P46937	YAP1
P46939	UTRN
P46940	IQGAP1
P46976	GYG1
P46977	STT3A
P47712	PLA2G4A
P47755	CAPZA2
P47756	CAPZB
P47895	ALDH1A3
P47897	QARS
P47914	RPL29
P47929	LGALS7*
P47985	UQCRFS1
P47989	XDH
P48047	ATP5O
P48059	LIMS1
P48147	PREP
P48163	ME1
P48426	PIP4K2A
P48444	ARCN1
P48449	LSS
P48454	PPP3CC
P48506	GCLC
P48507	GCLM
P48556	PSMD8
P48594	SERPINB4
P48634	PRRC2A
P48637	GSS
P48643	CCT5
P48651	PTDSS1
P48681	NES
P48723	HSPA13
P48729	CSNK1A1
P48730	CSNK1D
P48735	IDH2
P48739	PITPNB
P48960	ADGRE5
P48995	TRPC1
P49005	POLD2
P49006	MARCKSL1
P49023	PXN
P49069	CAMLG
P49137	MAPKAPK2
P49189	ALDH9A1
P49207	RPL34
P49247	RPIA
P49257	LMAN1
P49321	NASP
P49327	FASN
P49336	CDK8
P49354	FNTA
P49356	FNTB
P49366	DHPS
P49368	CCT3
P49406	MRPL19
P49407	ARRB1
P49411	TUFM
P49418	AMPH
P49419	ALDH7A1
P49427	CDC34
P49441	INPP1
P49454	CENPF
P49458	SRP9
P49459	UBE2A
P49585	PCYT1A
P49588	AARS
P49589	CARS
P49590	HARS2
P49591	SARS
P49593	PPM1F
P49642	PRIM1
P49643	PRIM2
P49674	CSNK1E
P49711	CTCF
P49720	PSMB3
P49721	PSMB2
P49736	MCM2
P49748	ACADVL
P49750	YLPM1
P49753	ACOT2
P49755	TMED10
P49756	RBM25
P49757	NUMB
P49760	CLK2
P49761	CLK3
P49768	PSEN1
P49770	EIF2B2
P49773	HINT1
P49790	NUP153
P49792	RANBP2
P49815	TSC2
P49821	NDUFV1
P49840	GSK3A
P49841	GSK3B
P49848	TAF6
P49902	NT5C2
P49903	SEPHS1
P49914	MTHFS
P49915	GMPS
P49916	LIG3
P49917	LIG4
P49959	MRE11
P50148	GNAQ
P50213	IDH3A
P50225	SULT1A1
P50336	PPOX
P50395	GDI2
P50402	EMD
P50416	CPT1A
P50443	SLC26A2
P50452	SERPINB8
P50453	SERPINB9
P50454	SERPINH1
P50542	PEX5
P50552	VASP
P50570	DNM2
P50579	METAP2
P50607	TUB
P50613	CDK7
P50747	HLCS
P50748	KNTC1
P50750	CDK9
P50851	LRBA
P50897	PPT1
P50914	RPL14
P50990	CCT8
P50991	CCT4
P50995	ANXA11
P51003	PAPOLA
P51114	FXR1
P51116	FXR2
P51148	RAB5C
P51149	RAB7A
P51151	RAB9A
P51153	RAB13
P51159	RAB27A
P51398	DAP3
P51452	DUSP3
P51513	NOVA1
P51530	DNA2
P51531	SMARCA2
P51532	SMARCA4
P51553	IDH3G
P51570	GALK1
P51571	SSR4
P51572	BCAP31
P51580	TPMT
P51608	MECP2
P51610	HCFC1
P51617	IRAK1
P51648	ALDH3A2
P51649	ALDH5A1
P51659	HSD17B4
P51665	PSMD7
P51668	UBE2D1
P51688	SGSH
P51690	ARSE
P51692	STAT5B
P51784	USP11
P51790	CLCN3
P51795	CLCN5
P51797	CLCN6
P51798	CLCN7
P51805	PLXNA3
P51809	VAMP7
P51812	RPS6KA3
P51817	PRKX
P51858	HDGF
P51911	CNN1
P51948	MNAT1
P51956	NEK3
P51957	NEK4
P51970	NDUFA8
P51991	HNRNPA3
P52209	PGD
P52272	HNRNPM
P52292	KPNA2
P52294	KPNA1
P52298	NCBP2
P52306	RAP1GDS1
P52429	DGKE
P52434	POLR2H
P52564	MAP2K6
P52565	ARHGDIA
P52569	SLC7A2
P52594	AGFG1
P52597	HNRNPF
P52655	GTF2A1
P52657	GTF2A2
P52701	MSH6
P52732	KIF11
P52735	VAV2
P52739	ZNF131
P52740	ZNF132
P52756	RBM5
P52758	RIDA
P52788	SMS
P52789	HK2
P52815	MRPL12
P52848	NDST1
P52888	THOP1
P52907	CAPZA1
P52926	HMGA2
P52948	NUP98
P52952	NKX2-5
P53004	BLVRA
P53007	SLC25A1
P53041	PPP5C
P53350	PLK1
P53365	ARFIP2
P53367	ARFIP1
P53384	NUBP1
P53396	ACLY
P53582	METAP1
P53597	SUCLG1
P53602	MVD
P53609	PGGT1B
P53611	RABGGTB
P53618	COPB1
P53621	COPA
P53634	CTSC
P53667	LIMK1
P53677	AP3M2
P53680	AP2S1
P53701	HCCS
P53778	MAPK12
P53985	SLC16A1
P53990	IST1
P53992	SEC24C
P53999	SUB1
P54098	POLG
P54105	CLNS1A
P54132	BLM
P54136	RARS
P54198	HIRA
P54277	PMS1
P54278	PMS2
P54289	CACNA2D1
P54577	YARS
P54578	USP14
P54619	PRKAG1
P54646	PRKAA2
P54652	HSPA2
P54687	BCAT1
P54707	ATP12A
P54709	ATP1B3
P54725	RAD23A
P54727	RAD23B
P54760	EPHB4
P54764	EPHA4
P54802	NAGLU
P54819	AK2
P54840	GYS2
P54886	ALDH18A1
P54920	NAPA
P55010	EIF5
P55011	SLC12A2
P55036	PSMD4
P55039	DRG2
P55060	CSE1L
P55061	TMBIM6
P55072	VCP
P55081	MFAP1
P55084	HADHB
P55145	MANF
P55196	AFDN
P55197	MLLT10
P55199	ELL
P55201	BRPF1
P55209	NAP1L1
P55210	CASP7
P55212	CASP6
P55263	ADK
P55265	ADAR
P55327	TPD52
P55735	SEC13
P55769	SNU13
P55786	NPEPPS
P55795	HNRNPH2
P55809	OXCT1
P55854	SUMO3
P55884	EIF3B
P55899	FCGRT
P56134	ATP5J2
P56182	RRP1
P56192	MARS
P56211	ARPP19
P56282	POLE2
P56377	AP1S2
P56378	C14orf2
P56385	ATP5I
P56537	EIF6
P56545	CTBP2
P56556	NDUFA6
P56589	PEX3
P56937	HSD17B7
P56962	STX17
P57076	C21orf59
P57081	WDR4
P57088	TMEM33
P57105	SYNJ2BP
P57678	GEMIN4
P57729	RAB38
P57737	CORO7
P57740	NUP107
P57772	EEFSEC
P58004	SESN2
P58107	EPPK1
P58511	SMIM11
P58546	MTPN
P58876	HIST1H2BD
P59190	RAB15
P59998	ARPC4
P60033	CD81
P60059	SEC61G
P60174	TPI1
P60228	EIF3E
P60468	SEC61B
P60510	PPP4C
P60520	GABARAPL2
P60602	ROMO1
P60604	UBE2G2
P60660	MYL6
P60763	RAC3
P60842	EIF4A1
P60866	RPS20
P60891	PRPS1
P60900	PSMA6
P60903	S100A10
P60953	CDC42
P60981	DSTN
P60983	GMFB
P61006	RAB8A
P61009	SPCS3
P61011	SRP54
P61019	RAB2A
P61020	RAB5B
P61026	RAB10
P61077	UBE2D3
P61081	UBE2M
P61086	UBE2K
P61088	UBE2N
P61106	RAB14
P61158	ACTR3
P61160	ACTR2
P61163	ACTR1A
P61201	COPS2
P61218	POLR2F
P61221	ABCE1
P61225	RAP2B
P61247	RPS3A
P61254	RPL26
P61289	PSME3
P61313	RPL15
P61353	RPL27
P61421	ATP6V0D1
P61457	PCBD1
P61513	RPL37A
P61586	RHOA
P61599	NAA20
P61601	NCALD
P61604	HSPE1
P61619	SEC61A1
P61758	VBP1
P61803	DAD1
P61916	NPC2
P61923	COPZ1
P61927	RPL37
P61956	SUMO2
P61960	UFM1
P61962	DCAF7
P61964	WDR5
P61966	AP1S1
P61970	NUTF2
P61978	HNRNPK
P61981	YWHAG
P62070	RRAS2
P62072	TIMM10
P62081	RPS7
P62136	PPP1CA
P62140	PPP1CB
P62191	PSMC1
P62195	PSMC5
P62241	RPS8
P62244	RPS15A
P62249	RPS16
P62256	UBE2H
P62258	YWHAE
P62263	RPS14
P62266	RPS23
P62269	RPS18
P62273	RPS29
P62277	RPS13
P62280	RPS11
P62304	SNRPE
P62306	SNRPF
P62308	SNRPG
P62310	LSM3
P62312	LSM6
P62314	SNRPD1
P62316	SNRPD2
P62318	SNRPD3
P62328	TMSB4X
P62330	ARF6
P62333	PSMC6
P62380	TBPL1
P62424	RPL7A
P62487	POLR2G
P62491	RAB11A
P62495	ETF1
P62699	YPEL5
P62701	RPS4X
P62714	PPP2CB
P62745	RHOB
P62750	RPL23A
P62753	RPS6
P62805	H4C1*
P62820	RAB1A
P62826	RAN
P62829	RPL23
P62834	RAP1A
P62837	UBE2D2
P62841	RPS15
P62847	RPS24
P62851	RPS25
P62854	RPS26
P62857	RPS28
P62861	FAU
P62873	GNB1
P62875	POLR2L
P62877	RBX1
P62879	GNB2
P62888	RPL30
P62891	RPL39
P62899	RPL31
P62906	RPL10A
P62910	RPL32
P62913	RPL11
P62917	RPL8
P62942	FKBP1A
P62993	GRB2
P62995	TRA2B
P63000	RAC1
P63010	AP2B1
P63027	VAMP2
P63096	GNAI1
P63104	YWHAZ
P63151	PPP2R2A
P63167	DYNLL1
P63172	DYNLT1
P63173	RPL38
P63208	SKP1
P63218	GNG5
P63220	RPS21
P63241	EIF5A
P63244	RACK1
P67775	PPP2CA
P67809	YBX1
P67812	SEC11A
P67870	CSNK2B
P67936	TPM4
P68036	UBE2L3
P68366	TUBA4A
P68371	TUBB4B
P68400	CSNK2A1
P68402	PAFAH1B2
P68431	H3C1*
P78310	CXADR
P78316	NOP14
P78318	IGBP1
P78330	PSPH
P78332	RBM6
P78344	EIF4G2
P78345	RPP38
P78346	RPP30
P78347	GTF2I
P78348	ASIC1
P78356	PIP4K2B
P78362	SRPK2
P78371	CCT2
P78382	SLC35A1
P78383	SLC35B1
P78406	RAE1
P78417	GSTO1
P78527	PRKDC
P78536	ADAM17
P78537	BLOC1S1
P78540	ARG2
P78549	NTHL1
P78559	MAP1A
P80188	LCN2
P80303	NUCB2
P80404	ABAT
P80511	S100A12
P80723	BASP1
P81274	GPSM2
P81605	DCD
P82094	TMF1
P82650	MRPS22
P82663	MRPS25
P82664	MRPS10
P82673	MRPS35
P82675	MRPS5
P82912	MRPS11
P82914	MRPS15
P82921	MRPS21
P82930	MRPS34
P82932	MRPS6
P82933	MRPS9
P82970	HMGN5
P82979	SARNP
P83111	LACTB
P83436	COG7
P83731	RPL24
P83876	TXNL4A
P83881	RPL36A
P83916	CBX1
P84022	SMAD3
P84085	ARF5
P84090	ERH
P84095	RHOG
P84098	RPL19
P84103	SRSF3
P84157	MXRA7
P84243	H3-3A*
P85037	FOXK1
P86790	CCZ1B
P98082	DAB2
P98088	MUC5AC
P98155	VLDLR
P98164	LRP2
P98170	XIAP
P98172	EFNB1
P98175	RBM10
P98179	RBM3
P98194	ATP2C1
Q00013	MPP1
Q00059	TFAM
Q00169	PITPNA
Q00325	SLC25A3
Q00341	HDLBP
Q00403	GTF2B
Q00534	CDK6
Q00535	CDK5
Q00536	CDK16
Q00537	CDK17
Q00577	PURA
Q00610	CLTC
Q00613	HSF1
Q00653	NFKB2
Q00688	FKBP3
Q00765	REEP5
Q00796	SORD
Q00839	HNRNPU
Q01081	U2AF1
Q01082	SPTBN1
Q01085	TIAL1
Q01105	SET
Q01130	SRSF2
Q01167	FOXK2
Q01433	AMPD2
Q01459	CTBS
Q01469	FABP5
Q01518	CAP1
Q01581	HMGCS1
Q01650	SLC7A5
Q01658	DR1
Q01664	TFAP4
Q01780	EXOSC10
Q01804	OTUD4
Q01813	PFKP
Q01831	XPC
Q01844	EWSR1
Q01968	OCRL
Q01970	PLCB3
Q02040	AKAP17A
Q02127	DHODH
Q02218	OGDH
Q02224	CENPE
Q02241	KIF23
Q02252	ALDH6A1
Q02383	SEMG2
Q02413	DSG1
Q02487	DSC2
Q02539	HIST1H1A
Q02543	RPL18A
Q02750	MAP2K1
Q02790	FKBP4
Q02809	PLOD1
Q02818	NUCB1
Q02878	RPL6
Q02880	TOP2B
Q02952	AKAP12
Q02978	SLC25A11
Q03001	DST
Q03111	MLLT1
Q03135	CAV1
Q03154	ACY1
Q03164	KMT2A
Q03188	CENPC
Q03252	LMNB2
Q03426	MVK
Q03518	TAP1
Q03519	TAP2
Q03701	CEBPZ
Q04206	RELA
Q04323	UBXN1
Q04446	GBE1
Q04637	EIF4G1
Q04656	ATP7A
Q04721	NOTCH2
Q04726	TLE3
Q04727	TLE4
Q04760	GLO1
Q04837	SSBP1
Q04864	REL
Q04917	YWHAH
Q05048	CSTF1
Q05086	UBE3A
Q05193	DNM1
Q05397	PTK2
Q05513	PRKCZ
Q05519	SRSF11
Q05639	EEF1A2
Q05655	PRKCD
Q05682	CALD1
Q05932	FPGS
Q05BQ5	MBTD1
Q05D32	CTDSPL2
Q05DH4	FAM160A1
Q06055	ATP5G2
Q06124	PTPN11
Q06136	KDSR
Q06203	PPAT
Q06210	GFPT1
Q06265	EXOSC9
Q06323	PSME1
Q06330	RBPJ
Q06481	APLP2
Q06520	SULT2A1
Q06546	GABPA
Q06587	RING1
Q06609	RAD51
Q06787	FMR1
Q07020	RPL18
Q07021	C1QBP
Q07065	CKAP4
Q07157	TJP1
Q07617	SPAG1
Q07666	KHDRBS1
Q07812	BAX
Q07820	MCL1
Q07864	POLE
Q07866	KLC1
Q07954	LRP1
Q07955	SRSF1
Q07960	ARHGAP1
Q08117	AES
Q08170	SRSF4
Q08188	TGM3
Q08209	PPP3CA
Q08211	DHX9
Q08257	CRYZ
Q08378	GOLGA3
Q08379	GOLGA2
Q08380	LGALS3BP
Q08426	EHHADH
Q08431	MFGE8
Q08554	DSC1
Q08623	PUDP
Q08722	CD47
Q08752	PPID
Q08945	SSRP1
Q08AF3	SLFN5
Q08AM6	VAC14
Q08J23	NSUN2
Q09028	RBBP4
Q09161	NCBP1
Q09328	MGAT5
Q09472	EP300
Q09666	AHNAK
Q0IIM8	TBC1D8B
Q0JRZ9	FCHO2
Q0P6H9	TMEM62
Q0PNE2	ELP6
Q0VDF9	HSPA14
Q0VDG4	SCRN3
Q0VGL1	LAMTOR4
Q10469	MGAT2
Q10471	GALNT2
Q10472	GALNT1
Q10567	AP1B1
Q10570	CPSF1
Q10713	PMPCA
Q11206	ST3GAL4
Q12756	KIF1A
Q12765	SCRN1
Q12767	TMEM94
Q12768	WASHC5
Q12769	NUP160
Q12770	SCAP
Q12772	SREBF2
Q12788	TBL3
Q12789	GTF3C1
Q12792	TWF1
Q12797	ASPH
Q12798	CETN1
Q12800	TFCP2
Q12802	AKAP13
Q12815	TROAP
Q12816	TRO
Q12824	SMARCB1
Q12830	BPTF
Q12834	CDC20
Q12840	KIF5A
Q12841	FSTL1
Q12846	STX4
Q12849	GRSF1
Q12872	SFSWAP
Q12873	CHD3
Q12874	SF3A3
Q12888	TP53BP1
Q12893	TMEM115
Q12899	TRIM26
Q12904	AIMP1
Q12905	ILF2
Q12906	ILF3
Q12907	LMAN2
Q12923	PTPN13
Q12929	EPS8
Q12931	TRAP1
Q12933	TRAF2
Q12948	FOXC1
Q12955	ANK3
Q12959	DLG1
Q12962	TAF10
Q12965	MYO1E
Q12968	NFATC3
Q12972	PPP1R8
Q12974	PTP4A2
Q12979	ABR
Q12981	BNIP1
Q12982	BNIP2
Q12996	CSTF3
Q13011	ECH1
Q13017	ARHGAP5
Q13029	PRDM2
Q13033	STRN3
Q13042	CDC16
Q13043	STK4
Q13045	FLII
Q13049	TRIM32
Q13057	COASY
Q13084	MRPL28
Q13085	ACACA
Q13098	GPS1
Q13099	IFT88
Q13107	USP4
Q13111	CHAF1A
Q13112	CHAF1B
Q13123	IK
Q13126	MTAP
Q13131	PRKAA1
Q13136	PPFIA1
Q13137	CALCOCO2
Q13144	EIF2B5
Q13148	TARDBP
Q13151	HNRNPA0
Q13153	PAK1
Q13155	AIMP2
Q13158	FADD
Q13162	PRDX4
Q13164	MAPK7
Q13177	PAK2
Q13185	CBX3
Q13188	STK3
Q13190	STX5
Q13191	CBLB
Q13200	PSMD2
Q13206	DDX10
Q13217	DNAJC3
Q13228	SELENBP1
Q13232	NME3
Q13242	SRSF9
Q13243	SRSF5
Q13247	SRSF6
Q13257	MAD2L1
Q13263	TRIM28
Q13277	STX3
Q13283	G3BP1
Q13286	CLN3
Q13296	SCGB2A2
Q13308	PTK7
Q13309	SKP2
Q13310	PABPC4
Q13315	ATM
Q13322	GRB10
Q13325	IFIT5
Q13330	MTA1
Q13332	PTPRS
Q13347	EIF3I
Q13356	PPIL2
Q13362	PPP2R5C
Q13363	CTBP1
Q13371	PDCL
Q13395	TARBP1
Q13404	UBE2V1
Q13405	MRPL49
Q13409	DYNC1I2
Q13415	ORC1
Q13416	ORC2
Q13418	ILK
Q13423	NNT
Q13425	SNTB2
Q13426	XRCC4
Q13427	PPIG
Q13428	TCOF1
Q13432	UNC119
Q13435	SF3B2
Q13438	OS9
Q13439	GOLGA4
Q13442	PDAP1
Q13443	ADAM9
Q13444	ADAM15
Q13445	TMED1
Q13451	FKBP5
Q13459	MYO9B
Q13464	ROCK1
Q13472	TOP3A
Q13485	SMAD4
Q13492	PICALM
Q13496	MTM1
Q13501	SQSTM1
Q13503	MED21
Q13505	MTX1
Q13509	TUBB3
Q13510	ASAH1
Q13523	PRPF4B
Q13526	PIN1
Q13535	ATR
Q13546	RIPK1
Q13547	HDAC1
Q13555	CAMK2G
Q13557	CAMK2D
Q13561	DCTN2
Q13563	PKD2
Q13564	NAE1
Q13572	ITPK1
Q13573	SNW1
Q13576	IQGAP2
Q13586	STIM1
Q13595	TRA2A
Q13596	SNX1
Q13601	KRR1
Q13608	PEX6
Q13610	PWP1
Q13613	MTMR1
Q13614	MTMR2
Q13615	MTMR3
Q13616	CUL1
Q13617	CUL2
Q13618	CUL3
Q13619	CUL4A
Q13620	CUL4B
Q13625	TP53BP2
Q13630	TSTA3
Q13635	PTCH1
Q13636	RAB31
Q13637	RAB32
Q13641	TPBG
Q13642	FHL1
Q13685	AAMP
Q13686	ALKBH1
Q13724	MOGS
Q13740	ALCAM
Q13769	THOC5
Q13772	NCOA4
Q13794	PMAIP1
Q13795	ARFRP1
Q13813	SPTAN1
Q13823	GNL2
Q13825	AUH
Q13829	TNFAIP1
Q13838	DDX39B
Q13867	BLMH
Q13868	EXOSC2
Q13885	TUBB2A
Q13895	BYSL
Q13901	C1D
Q13907	IDI1
Q13948	CUX1
Q13951	CBFB
Q13976	PRKG1
Q14004	CDK13
Q14008	CKAP5
Q14011	CIRBP
Q14012	CAMK1
Q14019	COTL1
Q14103	HNRNPD
Q14108	SCARB2
Q14117	DPYS
Q14118	DAG1
Q14126	DSG2
Q14137	BOP1
Q14139	UBE4A
Q14141	SEPT6
Q14145	KEAP1
Q14146	URB2
Q14147	DHX34
Q14149	MORC3
Q14151	SAFB2
Q14152	EIF3A
Q14155	ARHGEF7
Q14156	EFR3A
Q14157	UBAP2L
Q14160	SCRIB
Q14161	GIT2
Q14165	MLEC
Q14166	TTLL12
Q14168	MPP2
Q14181	POLA2
Q14185	DOCK1
Q14186	TFDP1
Q14188	TFDP2
Q14191	WRN
Q14194	CRMP1
Q14195	DPYSL3
Q14197	MRPL58
Q14202	ZMYM3
Q14203	DCTN1
Q14204	DYNC1H1
Q14207	NPAT
Q14232	EIF2B1
Q14240	EIF4A2
Q14241	ELOA
Q14247	CTTN
Q14249	ENDOG
Q14254	FLOT2
Q14257	RCN2
Q14258	TRIM25
Q14315	FLNC
Q14318	FKBP8
Q14320	FAM50A
Q14331	FRG1
Q14344	GNA13
Q14353	GAMT
Q14376	GALE
Q14410	GK2
Q14444	CAPRIN1
Q14457	BECN1
Q14493	SLBP
Q14498	RBM39
Q14517	FAT1
Q14527	HLTF
Q14534	SQLE
Q14554	PDIA5
Q14558	PRPSAP1
Q14562	DHX8
Q14566	MCM6
Q14571	ITPR2
Q14574	DSC3
Q14596	NBR1
Q14642	INPP5A
Q14643	ITPR1
Q14651	PLS1
Q14667	KIAA0100
Q14669	TRIP12
Q14671	PUM1
Q14674	ESPL1
Q14676	MDC1
Q14677	CLINT1
Q14679	TTLL4
Q14683	SMC1A
Q14684	RRP1B
Q14687	GSE1
Q14689	DIP2A
Q14690	PDCD11
Q14691	GINS1
Q14692	BMS1
Q14694	USP10
Q14696	MESD
Q14697	GANAB
Q14699	RFTN1
Q14728	MFSD10
Q14738	PPP2R5D
Q14739	LBR
Q14746	COG2
Q14781	CBX2
Q14789	GOLGB1
Q14790	CASP8
Q147X3	NAA30
Q14807	KIF22
Q14839	CHD4
Q14847	LASP1
Q14849	STARD3
Q14894	CRYM
Q14914	PTGR1
Q14919	DRAP1
Q14964	RAB39A
Q14966	ZNF638
Q14974	KPNB1
Q14978	NOLC1
Q14980	NUMA1
Q14997	PSME4
Q14999	CUL7
Q149N8	SHPRH
Q14BN4	SLMAP
Q14C86	GAPVD1
Q14CX7	NAA25
Q14CZ7	FASTKD3
Q15003	NCAPH
Q15004	PCLAF
Q15005	SPCS2
Q15006	EMC2
Q15007	WTAP
Q15008	PSMD6
Q15011	HERPUD1
Q15012	LAPTM4A
Q15013	MAD2L1BP
Q15014	MORF4L2
Q15018	ABRAXAS2
Q15019	SEPT2
Q15020	SART3
Q15021	NCAPD2
Q15022	SUZ12
Q15024	EXOSC7
Q15029	EFTUD2
Q15031	LARS2
Q15032	R3HDM1
Q15036	SNX17
Q15041	ARL6IP1
Q15042	RAB3GAP1
Q15043	SLC39A14
Q15046	KARS
Q15047	SETDB1
Q15048	LRRC14
Q15050	RRS1
Q15051	IQCB1
Q15054	POLD3
Q15056	EIF4H
Q15057	ACAP2
Q15058	KIF14
Q15059	BRD3
Q15061	WDR43
Q15067	ACOX1
Q15070	OXA1L
Q15075	EEA1
Q15084	PDIA6
Q15102	PAFAH1B3
Q15118	PDK1
Q15119	PDK2
Q15120	PDK3
Q15125	EBP
Q15126	PMVK
Q15139	PRKD1
Q15149	PLEC
Q15154	PCM1
Q15155	NOMO1
Q15165	PON2
Q15181	PPA1
Q15185	PTGES3
Q15208	STK38
Q15233	NONO
Q15257	PTPA
Q15269	PWP2
Q15274	QPRT
Q15276	RABEP1
Q15286	RAB35
Q15287	RNPS1
Q15291	RBBP5
Q15293	RCN1
Q15329	E2F5
Q15334	LLGL1
Q15345	LRRC41
Q15349	RPS6KA2
Q15361	TTF1
Q15363	TMED2
Q15365	PCBP1
Q15366	PCBP2
Q15369	ELOC
Q15370	ELOB
Q15375	EPHA7
Q15382	RHEB
Q15386	UBE3C
Q15388	TOMM20
Q15390	MTFR1
Q15392	DHCR24
Q15393	SF3B3
Q15397	PUM3
Q15398	DLGAP5
Q15404	RSU1
Q15417	CNN3
Q15418	RPS6KA1
Q15424	SAFB
Q15427	SF3B4
Q15428	SF3A2
Q15435	PPP1R7
Q15436	SEC23A
Q15437	SEC23B
Q15459	SF3A1
Q15475	SIX1
Q15477	SKIV2L
Q15517	CDSN
Q15526	SURF1
Q15528	MED22
Q15532	SS18
Q15542	TAF5
Q15545	TAF7
Q15554	TERF2
Q15555	MAPRE2
Q15561	TEAD4
Q15573	TAF1A
Q15629	TRAM1
Q15631	TSN
Q15633	TARBP2
Q15637	SF1
Q15642	TRIP10
Q15643	TRIP11
Q15645	TRIP13
Q15648	MED1
Q15649	ZNHIT3
Q15650	TRIP4
Q15651	HMGN3
Q15691	MAPRE1
Q15700	DLG2
Q15717	ELAVL1
Q15723	ELF2
Q15738	NSDHL
Q15746	MYLK
Q15750	TAB1
Q15758	SLC1A5
Q15773	MLF2
Q15785	TOMM34
Q15797	SMAD1
Q15800	MSMO1
Q15813	TBCE
Q15814	TBCC
Q15818	NPTX1
Q15819	UBE2V2
Q15833	STXBP2
Q15836	VAMP3
Q15904	ATP6AP1
Q15906	VPS72
Q15907	RAB11B
Q15910	EZH2
Q15942	ZYX
Q16134	ETFDH
Q16181	SEPT7
Q16186	ADRM1
Q16204	CCDC6
Q16222	UAP1
Q16342	PDCD2
Q16352	INA
Q16378	PRR4
Q16394	EXT1
Q16512	PKN1
Q16513	PKN2
Q16527	CSRP2
Q16531	DDB1
Q16537	PPP2R5E
Q16539	MAPK14
Q16540	MRPL23
Q16543	CDC37
Q16555	DPYSL2
Q16566	CAMK4
Q16576	RBBP7
Q16594	TAF9
Q16611	BAK1
Q16625	OCLN
Q16629	SRSF7
Q16630	CPSF6
Q16637	SMN1*
Q16643	DBN1
Q16644	MAPKAPK3
Q16658	FSCN1
Q16698	DECR1
Q16706	MAN2A1
Q16718	NDUFA5
Q16739	UGCG
Q16740	CLPP
Q16762	TST
Q16763	UBE2S
Q16773	KYAT1
Q16775	HAGH
Q16777	HIST2H2AC
Q16795	NDUFA9
Q16799	RTN1
Q16822	PCK2
Q16836	HADH
Q16850	CYP51A1
Q16851	UGP2
Q16854	DGUOK
Q16880	UGT8
Q16881	TXNRD1
Q16890	TPD52L1
Q16891	IMMT
Q17R89	ARHGAP44
Q17RS7	GEN1
Q1ED39	KNOP1
Q1KMD3	HNRNPUL2
Q1L5Z9	LONRF2
Q27J81	INF2
Q29RF7	PDS5A
Q2KHR3	QSER1
Q2M1P5	KIF7
Q2M2I8	AAK1
Q2M389	WASHC4
Q2NKX8	ERCC6L
Q2NL82	TSR1
Q2PPJ7	RALGAPA2
Q2Q1W2	TRIM71
Q2T9J0	TYSND1
Q2TAA2	IAH1
Q2TAA5	ALG11
Q2TAL8	QRICH1
Q2TAY7	SMU1
Q2TBE0	CWF19L2
Q2VIQ3	KIF4B
Q2VPK5	CTU2
Q32MZ4	LRRFIP1
Q32NB8	PGS1
Q32P28	P3H1
Q32P41	TRMT5
Q3B726	TWISTNB
Q3B7J2	GFOD2
Q3B7T1	EDRF1
Q3KQU3	MAP7D1
Q3KQZ1	SLC25A35
Q3L8U1	CHD9
Q3LXA3	TKFC
Q3MHD2	LSM12
Q3SXM5	HSDL1
Q3SXZ3	ZNF718
Q3SY17	SLC25A52
Q3SYG4	BBS9
Q3T8J9	GON4L
Q3T906	GNPTAB
Q3V6T2	CCDC88A
Q3YEC7	RABL6
Q3ZAQ7	VMA21
Q3ZCQ8	TIMM50
Q3ZCW2	LGALSL
Q49A26	GLYR1
Q49AM1	MTERF2
Q49AR2	C5orf22
Q49MG5	MAP9
Q4G0F5	VPS26B
Q4G0J3	LARP7
Q4G0N4	NADK2
Q4G0X4	KCTD21
Q4G148	GXYLT1
Q4G176	ACSF3
Q4J6C6	PREPL
Q4KMP7	TBC1D10B
Q4KMQ1	TPRN
Q4KMQ2	ANO6
Q4LE39	ARID4B
Q4U2R6	MRPL51
Q4V328	GRIPAP1
Q4VC05	BCL7A
Q4VC31	CCDC58
Q4VC44	FLYWCH1
Q4VCS5	AMOT
Q4ZIN3	TMEM259
Q504Q3	PAN2
Q504U0	C4orf46
Q52LJ0	FAM98B
Q53EL6	PDCD4
Q53EP0	FNDC3B
Q53EQ6	TIGD5
Q53EZ4	CEP55
Q53F19	NCBP3
Q53FA7	TP53I3
Q53FT3	HIKESHI
Q53FV1	ORMDL2
Q53GG5	PDLIM3
Q53GQ0	HSD17B12
Q53GS7	GLE1
Q53GS9	USP39
Q53H12	AGK
Q53H82	LACTB2
Q53H96	PYCR3
Q53HL2	CDCA8
Q53R41	FASTKD1
Q53RT3	ASPRV1
Q53S33	BOLA3
Q53S58	TMEM177
Q53T59	HS1BP3
Q562E7	WDR81
Q562R1	ACTBL2
Q567U6	CCDC93
Q567V2	MPV17L2
Q56NI9	ESCO2
Q56VL3	OCIAD2
Q587I9	SFT2D3
Q58EX7	PLEKHG4
Q58F21	BRDT
Q58FF3	HSP90B2P
Q58FF6	HSP90AB4P
Q58FF8	HSP90AB2P
Q5BJD5	TMEM41B
Q5BJF2	TMEM97
Q5BJH2	TMEM128
Q5BJH7	YIF1B
Q5BKZ1	ZNF326
Q5C9Z4	NOM1
Q5EBL4	RILPL1
Q5EBL8	PDZD11
Q5F1R6	DNAJC21
Q5GLZ8	HERC4
Q5H8A4	PIGG
Q5H9R7	PPP6R3
Q5HYI7	MTX3
Q5HYI8	RABL3
Q5HYK3	COQ5
Q5HYM0	ZC3H12B
Q5J8M3	EMC4
Q5JNZ5	RPS26P11
Q5JPE7	NOMO2
Q5JPH6	EARS2
Q5JPI3	C3orf38
Q5JRA6	MIA3
Q5JRX3	PITRM1
Q5JS54	PSMG4
Q5JSH3	WDR44
Q5JSZ5	PRRC2B
Q5JTH9	RRP12
Q5JTJ3	COA6
Q5JTV8	TOR1AIP1
Q5JTZ9	AARS2
Q5JVF3	PCID2
Q5K4L6	SLC27A3
Q5KU26	COLEC12
Q5M775	SPECC1
Q5MIZ7	PPP4R3B
Q5MNZ6	WDR45B
Q5PRF9	SAMD4B
Q5PSV4	BRMS1L
Q5QJ74	TBCEL
Q5QJE6	DNTTIP2
Q5QP82	DCAF10
Q5R372	RABGAP1L
Q5R3I4	TTC38
Q5RI15	COX20
Q5RKV6	EXOSC6
Q5SGD2	PPM1L
Q5SNT2	TMEM201
Q5SQN1	SNAP47
Q5SR56	MFSD14B
Q5SRE5	NUP188
Q5SRI9	MANEA
Q5SSJ5	HP1BP3
Q5ST30	VARS2
Q5SVZ6	ZMYM1
Q5SW79	CEP170
Q5SW96	LDLRAP1
Q5SWX8	ODR4
Q5SY16	NOL9
Q5SY80	CATSPERE
Q5SZK8	FREM2
Q5T0F9	CC2D1B
Q5T0N5	FNBP1L
Q5T160	RARS2
Q5T1C6	THEM4
Q5T1M5	FKBP15
Q5T1Q4	SLC35F1
Q5T200	ZC3H13
Q5T280	SPOUT1
Q5T2E6	C10orf76
Q5T2R2	PDSS1
Q5T2T1	MPP7
Q5T3I0	GPATCH4
Q5T3U5	ABCC10
Q5T440	IBA57
Q5T447	HECTD3
Q5T4B2	CERCAM
Q5T4S7	UBR4
Q5T5U3	ARHGAP21
Q5T5X7	BEND3
Q5T653	MRPL2
Q5T6F2	UBAP2
Q5T6V5	C9orf64
Q5T749	KPRP
Q5T7W0	ZNF618
Q5T8D3	ACBD5
Q5T8P6	RBM26
Q5T9A4	ATAD3B
Q5T9L3	WLS
Q5T9S5	CCDC18
Q5TA45	INTS11
Q5TAQ9	DCAF8
Q5TAX3	ZCCHC11
Q5TBB1	RNASEH2B
Q5TC12	ATPAF1
Q5TC82	RC3H1
Q5TCQ9	MAGI3
Q5TDH0	DDI2
Q5TF39	MFSD4B
Q5TFE4	NT5DC1
Q5THJ4	VPS13D
Q5TKA1	LIN9
Q5U5X0	LYRM7
Q5UCC4	EMC10
Q5UIP0	RIF1
Q5VIR6	VPS53
Q5VSL9	STRIP1
Q5VST6	ABHD17B
Q5VT06	CEP350
Q5VT25	CDC42BPA
Q5VT52	RPRD2
Q5VT66	MARC1
Q5VTB9	RNF220
Q5VTL8	PRPF38B
Q5VTR2	RNF20
Q5VU43	PDE4DIP
Q5VUA4	ZNF318
Q5VUD6	FAM69B
Q5VUJ6	LRCH2
Q5VV42	CDKAL1
Q5VVQ6	YOD1
Q5VVW2	GARNL3
Q5VW32	BROX
Q5VW36	FOCAD
Q5VW38	GPR107
Q5VWJ9	SNX30
Q5VWN6	FAM208B
Q5VWQ0	RSBN1
Q5VWZ2	LYPLAL1
Q5VXT5	SYPL2
Q5VYK3	KIAA0368
Q5VZ89	DENND4C
Q5VZE5	NAA35
Q5VZL5	ZMYM4
Q5VZM2	RRAGB
Q5W0B1	RNF219
Q5W0Z9	ZDHHC20
Q5W111	SPRYD7
Q5XKP0	C19orf70
Q5XPI4	RNF123
Q5ZPR3	CD276
Q63HN8	RNF213
Q63ZY3	KANK2
Q641Q2	WASHC2A
Q643R3	LPCAT4
Q658P3	STEAP3
Q658Y4	FAM91A1
Q659A1	ICE2
Q66GS9	CEP135
Q66K14	TBC1D9B
Q66K64	DCAF15
Q66K74	MAP1S
Q66LE6	PPP2R2D
Q66PJ3	ARL6IP4
Q676U5	ATG16L1
Q68CP9	ARID2
Q68CQ4	DIEXF
Q68CQ7	GLT8D1
Q68CZ2	TNS3
Q68CZ6	HAUS3
Q68D10	SPTY2D1
Q68D91	MBLAC2
Q68DH5	LMBRD2
Q68DK2	ZFYVE26
Q68DK7	MSL1
Q68DQ2	CRYBG3
Q68DU8	KCTD16
Q68E01	INTS3
Q68EM7	ARHGAP17
Q69YH5	CDCA2
Q69YL0	NCBP2AS2
Q69YN2	CWF19L1
Q69YN4	VIRMA
Q69YQ0	SPECC1L
Q69YU5	C12orf73
Q6AI08	HEATR6
Q6AI12	ANKRD40
Q6AZY7	SCARA3
Q6BDS2	UHRF1BP1
Q6DCA0	AMMECR1L
Q6DD88	ATL3
Q6DHV7	ADAL
Q6DKI1	RPL7L1
Q6DKJ4	NXN
Q6DKK2	TTC19
Q6DN90	IQSEC1
Q6E0U4	DMKN
Q6FI81	CIAPIN1
Q6FIF0	ZFAND6
Q6GMV2	SMYD5
Q6GMV3	PTRHD1
Q6GQQ9	OTUD7B
Q6GYQ0	RALGAPA1
Q6I9Y2	THOC7
Q6IA69	NADSYN1
Q6IA86	ELP2
Q6IAA8	LAMTOR1
Q6IAN0	DHRS7B
Q6IBS0	TWF2
Q6IBW4	NCAPH2
Q6IC98	GRAMD4
Q6IE81	JADE1
Q6IEG0	SNRNP48
Q6IN84	MRM1
Q6IN85	PPP4R3A
Q6IPU0	CENPP
Q6IQ16	SPOPL
Q6IQ22	RAB12
Q6IQ23	PLEKHA7
Q6IQ49	SDE2
Q6JQN1	ACAD10
Q6KB66	KRT80
Q6KC79	NIPBL
Q6KCM7	SLC25A25
Q6L8Q7	PDE12
Q6MZW2	FSTL4
Q6N069	NAA16
Q6N075	MFSD5
Q6NSI4	CXorf57
Q6NSJ5	LRRC8E
Q6NT16	SLC18B1
Q6NTF9	RHBDD2
Q6NUK1	SLC25A24
Q6NUK4	REEP3
Q6NUM9	RETSAT
Q6NUQ1	RINT1
Q6NUQ4	TMEM214
Q6NUS6	TCTN3
Q6NVV3	NIPAL1
Q6NVY1	HIBCH
Q6NW34	NEPRO
Q6NXE6	ARMC6
Q6NXR4	TTI2
Q6NXT1	ANKRD54
Q6NXT4	SLC30A6
Q6NYC1	JMJD6
Q6NZ67	MZT2B
Q6NZY4	ZCCHC8
Q6P087	RPUSD3
Q6P0N0	MIS18BP1
Q6P158	DHX57
Q6P179	ERAP2
Q6P1A2	LPCAT3
Q6P1J9	CDC73
Q6P1K2	PMF1
Q6P1L5	FAM117B
Q6P1L8	MRPL14
Q6P1M0	SLC27A4
Q6P1N0	CC2D1A
Q6P1N9	TATDN1
Q6P1Q0	LETMD1
Q6P1Q9	METTL2B
Q6P1R4	DUS1L
Q6P1S2	C3orf33
Q6P1X5	TAF2
Q6P2C8	MED27
Q6P2E9	EDC4
Q6P2H3	CEP85
Q6P2P2	PRMT9
Q6P2Q9	PRPF8
Q6P2S7	TTC41P
Q6P3W7	SCYL2
Q6P3X3	TTC27
Q6P444	MTFR2
Q6P4A7	SFXN4
Q6P4E1	GOLM2
Q6P4F7	ARHGAP11A
Q6P4I2	WDR73
Q6P4Q7	CNNM4
Q6P4R8	NFRKB
Q6P582	MZT2A
Q6P587	FAHD1
Q6P597	KLC3
Q6P5S2	C6orf58
Q6P5Z2	PKN3
Q6P6C2	ALKBH5
Q6P996	PDXDC1
Q6P9B6	MEAK7
Q6P9B9	INTS5
Q6P9F7	LRRC8B
Q6PCB5	RSBN1L
Q6PCB8	EMB
Q6PCE3	PGM2L1
Q6PD62	CTR9
Q6PD74	AAGAB
Q6PGP7	TTC37
Q6PHR2	ULK3
Q6PI48	DARS2
Q6PI78	TMEM65
Q6PID6	TTC33
Q6PIJ6	FBXO38
Q6PIU2	NCEH1
Q6PIW4	FIGNL1
Q6PIY7	PAPD4
Q6PJ69	TRIM65
Q6PJG2	ELMSAN1
Q6PJG6	BRAT1
Q6PJT7	ZC3H14
Q6PJW8	CNST
Q6PK04	CCDC137
Q6PK18	OGFOD3
Q6PKG0	LARP1
Q6PL18	ATAD2
Q6PL24	TMED8
Q6PML9	SLC30A9
Q6QHF9	PAOX
Q6R327	RICTOR
Q6RFH5	WDR74
Q6RW13	AGTRAP
Q6SPF0	SAMD1
Q6STE5	SMARCD3
Q6SZW1	SARM1
Q6U841	SLC4A10
Q6UB35	MTHFD1L
Q6ULP2	AFTPH
Q6UN15	FIP1L1
Q6UVJ0	SASS6
Q6UW02	CYP20A1
Q6UW63	KDELC1
Q6UW68	TMEM205
Q6UW78	UQCC3
Q6UWE0	LRSAM1
Q6UWP2	DHRS11
Q6UWP7	LCLAT1
Q6UWP8	SBSN
Q6UWU4	C6orf89
Q6UWW8	CES3
Q6UX04	CWC27
Q6UX07	DHRS13
Q6UX53	METTL7B
Q6UXD5	SEZ6L2
Q6UXH1	CRELD2
Q6UXN9	WDR82
Q6UXV4	APOOL
Q6VMQ6	ATF7IP
Q6VY07	PACS1
Q6W2J9	BCOR
Q6WCQ1	MPRIP
Q6WKZ4	RAB11FIP1
Q6XZF7	DNMBP
Q6Y1H2	HACD2
Q6Y2X3	DNAJC14
Q6Y7W6	GIGYF2
Q6YHK3	CD109
Q6YHU6	THADA
Q6YN16	HSDL2
Q6YP21	KYAT3
Q6ZMG9	CERS6
Q6ZMI0	PPP1R21
Q6ZMR3	LDHAL6A
Q6ZN17	LIN28B
Q6ZNB6	NFXL1
Q6ZNW5	GDPGP1
Q6ZPD9	DPY19L3
Q6ZQQ6	WDR87
Q6ZRI6	C15orf39
Q6ZRP7	QSOX2
Q6ZRQ5	MMS22L
Q6ZRS2	SRCAP
Q6ZRY4	RBPMS2
Q6ZSJ8	C1orf122
Q6ZSR9	Q6ZSR9
Q6ZSZ5	ARHGEF18
Q6ZT21	TMPPE
Q6ZU35	KIAA1211
Q6ZU65	UBN2
Q6ZUT9	DENND5B
Q6ZVM7	TOM1L2
Q6ZVX7	NCCRP1
Q6ZW31	SYDE1
Q6ZW49	PAXIP1
Q6ZWJ1	STXBP4
Q6ZWT7	MBOAT2
Q6ZXV5	TMTC3
Q709C8	VPS13C
Q709F0	ACAD11
Q70CQ2	USP34
Q70CQ3	USP30
Q70HW3	SLC25A26
Q70UQ0	IKBIP
Q70Z53	FRA10AC1
Q719H9	KCTD1
Q71DI3	H3C15*
Q71F23	CENPU
Q71RC2	LARP4
Q71RG4	TMUB2
Q71SY5	MED25
Q75QN2	INTS8
Q765P7	MTSS1L
Q76FK4	NOL8
Q7KYR7	BTN2A1
Q7KZ85	SUPT6H
Q7KZF4	SND1
Q7KZI7	MARK2
Q7KZN9	COX15
Q7L014	DDX46
Q7L099	RUFY3
Q7L0J3	SV2A
Q7L0Y3	TRMT10C
Q7L1Q6	BZW1
Q7L211	ABHD13
Q7L266	ASRGL1
Q7L2E3	DHX30
Q7L2H7	EIF3M
Q7L2J0	MEPCE
Q7L2Z9	CENPQ
Q7L311	ARMCX2
Q7L3T8	PARS2
Q7L4I2	RSRC2
Q7L523	RRAGA
Q7L576	CYFIP1
Q7L590	MCM10
Q7L592	NDUFAF7
Q7L5D6	GET4
Q7L5N1	COPS6
Q7L5N7	LPCAT2
Q7L5Y9	MAEA
Q7L7V1	DHX32
Q7L7X3	TAOK1
Q7L804	RAB11FIP2
Q7L8L6	FASTKD5
Q7L8W6	DPH6
Q7LBC6	KDM3B
Q7LG56	RRM2B
Q7LGA3	HS2ST1
Q7RTP6	MICAL3
Q7RTS9	DYM
Q7RTV0	PHF5A
Q7RTY8	TMPRSS7
Q7Z2H8	SLC36A1
Q7Z2K6	ERMP1
Q7Z2K8	GPRIN1
Q7Z2T5	TRMT1L
Q7Z2W4	ZC3HAV1
Q7Z2W9	MRPL21
Q7Z2Z2	EFL1
Q7Z392	TRAPPC11
Q7Z3B0	SMIM15
Q7Z3B4	NUP54
Q7Z3C6	ATG9A
Q7Z3D4	LYSMD3
Q7Z3E5	ARMC9
Q7Z3J2	C16orf62
Q7Z3K3	POGZ
Q7Z3T8	ZFYVE16
Q7Z3U7	MON2
Q7Z406	MYH14
Q7Z417	NUFIP2
Q7Z434	MAVS
Q7Z460	CLASP1
Q7Z478	DHX29
Q7Z494	NPHP3
Q7Z4G1	COMMD6
Q7Z4G4	TRMT11
Q7Z4H3	HDDC2
Q7Z4H7	HAUS6
Q7Z4H8	KDELC2
Q7Z4L5	TTC21B
Q7Z4Q2	HEATR3
Q7Z4S6	KIF21A
Q7Z4V5	HDGFL2
Q7Z4W1	DCXR
Q7Z569	BRAP
Q7Z589	EMSY
Q7Z5G4	GOLGA7
Q7Z5J4	RAI1
Q7Z5K2	WAPL
Q7Z5L9	IRF2BP2
Q7Z628	NET1
Q7Z6E9	RBBP6
Q7Z6I8	C5orf24
Q7Z6J0	SH3RF1
Q7Z6J8	UBE3D
Q7Z6K3	PTAR1
Q7Z6K5	ARPIN
Q7Z6M1	RABEPK
Q7Z6M4	MTERF4
Q7Z6R9	TFAP2D
Q7Z6Z7	HUWE1
Q7Z736	PLEKHH3
Q7Z739	YTHDF3
Q7Z7A4	PXK
Q7Z7C8	TAF8
Q7Z7E8	UBE2Q1
Q7Z7F7	MRPL55
Q7Z7H5	TMED4
Q7Z7H8	MRPL10
Q7Z7K6	CENPV
Q7Z7L1	SLFN11
Q86SE5	RALYL
Q86SF2	GALNT7
Q86SG5	S100A7A
Q86SK9	SCD5
Q86SQ0	PHLDB2
Q86SQ9	DHDDS
Q86SX3	TEDC1
Q86SX6	GLRX5
Q86SZ2	TRAPPC6B
Q86T24	ZBTB33
Q86TB9	PATL1
Q86TI0	TBC1D1
Q86TI2	DPP9
Q86TL2	STIMATE
Q86TM6	SYVN1
Q86TP1	PRUNE1
Q86TU7	SETD3
Q86TV6	TTC7B
Q86TW2	ADCK1
Q86TX2	ACOT1
Q86U06	RBM23
Q86U28	ISCA2
Q86U38	NOP9
Q86U42	PABPN1
Q86U44	METTL3
Q86U70	LDB1
Q86U86	PBRM1
Q86U90	YRDC
Q86UA1	PRPF39
Q86UE4	MTDH
Q86UE8	TLK2
Q86UK7	ZNF598
Q86UL3	GPAT4
Q86UP2	KTN1
Q86UP3	ZFHX4
Q86US8	SMG6
Q86UT6	NLRX1
Q86UV5	USP48
Q86UW6	N4BP2
Q86UY6	NAA40
Q86UY8	NT5DC3
Q86V21	AACS
Q86V48	LUZP1
Q86V59	PNMA8A
Q86V81	ALYREF
Q86V85	GPR180
Q86V87	FAM160B2
Q86VD7	SLC25A42
Q86VI3	IQGAP3
Q86VM9	ZC3H18
Q86VN1	VPS36
Q86VP1	TAX1BP1
Q86VP3	PACS2
Q86VP6	CAND1
Q86VR2	RETREG3
Q86VS8	HOOK3
Q86VU5	COMTD1
Q86VX2	COMMD7
Q86VX9	MON1A
Q86W42	THOC6
Q86W50	METTL16
Q86W56	PARG
Q86W74	ANKRD46
Q86W92	PPFIBP1
Q86WA6	BPHL
Q86WA8	LONP2
Q86WA9	SLC26A11
Q86WB0	ZC3HC1
Q86WC4	OSTM1
Q86WJ1	CHD1L
Q86WK9	PAQR7
Q86WQ0	NR2C2AP
Q86WR0	CCDC25
Q86WT1	TTC30A
Q86WX3	RPS19BP1
Q86X02	CDR2L
Q86X10	RALGAPB
Q86X53	ERICH1
Q86X55	CARM1
Q86X76	NIT1
Q86X83	COMMD2
Q86X95	CIR1
Q86XA9	HEATR5A
Q86XI2	NCAPG2
Q86XL3	ANKLE2
Q86XP3	DDX42
Q86XZ4	SPATS2
Q86Y07	VRK2
Q86Y37	CACUL1
Q86Y39	NDUFA11
Q86Y56	DNAAF5
Q86Y82	STX12
Q86Y91	KIF18B
Q86YB8	ERO1B
Q86YD1	PTOV1
Q86YH6	PDSS2
Q86YM7	HOMER1
Q86YN1	DOLPP1
Q86YP4	GATAD2A
Q86YQ8	CPNE8
Q86YR5	GPSM1
Q86YS6	RAB43
Q86YS7	C2CD5
Q86YT6	MIB1
Q86YV9	HPS6
Q8IU60	DCP2
Q8IU81	IRF2BP1
Q8IUD2	ERC1
Q8IUE6	HIST2H2AB
Q8IUF8	RIOX2
Q8IUH3	RBM45
Q8IUH4	ZDHHC13
Q8IUI8	CRLF3
Q8IUR0	TRAPPC5
Q8IUR7	ARMC8
Q8IUX1	TMEM126B
Q8IUX4	APOBEC3F
Q8IV08	PLD3
Q8IV48	ERI1
Q8IV63	VRK3
Q8IVD9	NUDCD3
Q8IVF4	DNAH10
Q8IVH4	MMAA
Q8IVL6	P3H3
Q8IVP5	FUNDC1
Q8IVS2	MCAT
Q8IVV7	GID4
Q8IVW1	ARL17A*
Q8IVW6	ARID3B
Q8IW35	CEP97
Q8IW41	MAPKAPK5
Q8IW75	SERPINA12
Q8IW92	GLB1L2
Q8IWA0	WDR75
Q8IWA4	MFN1
Q8IWA5	SLC44A2
Q8IWB1	ITPRIP
Q8IWB9	TEX2
Q8IWC1	MAP7D3
Q8IWD4	CCDC117
Q8IWE2	FAM114A1
Q8IWE4	DCUN1D3
Q8IWF2	FOXRED2
Q8IWF6	DENND6A
Q8IWI9	MGA
Q8IWJ2	GCC2
Q8IWP9	CCDC28A
Q8IWQ3	BRSK2
Q8IWR0	ZC3H7A
Q8IWS0	PHF6
Q8IWT6	LRRC8A
Q8IWV7	UBR1
Q8IWV8	UBR2
Q8IWW6	ARHGAP12
Q8IWX8	CHERP
Q8IWY9	CDAN1
Q8IWZ3	ANKHD1
Q8IWZ8	SUGP1
Q8IX01	SUGP2
Q8IX04	UEVLD
Q8IX05	CD302
Q8IX12	CCAR1
Q8IX18	DHX40
Q8IX90	SKA3
Q8IXB1	DNAJC10
Q8IXH7	NELFCD
Q8IXI1	RHOT2
Q8IXI2	RHOT1
Q8IXJ6	SIRT2
Q8IXK0	PHC2
Q8IXM2	BAP18
Q8IXM3	MRPL41
Q8IXM6	NRM
Q8IXQ6	PARP9
Q8IXT5	RBM12B
Q8IXU6	SLC35F2
Q8IXW5	RPAP2
Q8IY17	PNPLA6
Q8IY18	SMC5
Q8IY37	DHX37
Q8IY67	RAVER1
Q8IY81	FTSJ3
Q8IY95	TMEM192
Q8IYA6	CKAP2L
Q8IYB3	SRRM1
Q8IYB5	SMAP1
Q8IYB7	DIS3L2
Q8IYB8	SUPV3L1
Q8IYD1	GSPT2
Q8IYH5	ZZZ3
Q8IYI6	EXOC8
Q8IYL3	C1orf174
Q8IYQ7	THNSL1
Q8IYR2	SMYD4
Q8IYS0	GRAMD1C
Q8IYS1	PM20D2
Q8IYS2	KIAA2013
Q8IYU2	HACE1
Q8IYU8	MICU2
Q8IZ07	ANKRD13A
Q8IZ21	PHACTR4
Q8IZ52	CHPF
Q8IZ69	TRMT2A
Q8IZ73	RPUSD2
Q8IZ81	ELMOD2
Q8IZ83	ALDH16A1
Q8IZA0	KIAA0319L
Q8IZD4	DCP1B
Q8IZE3	SCYL3
Q8IZH2	XRN1
Q8IZL8	PELP1
Q8IZL9	CDK20
Q8IZP0	ABI1
Q8IZT6	ASPM
Q8N0S6	CENPL
Q8N0T1	C8orf59
Q8N0U8	VKORC1L1
Q8N0V3	RBFA
Q8N0X7	SPART
Q8N0Y7	PGAM4
Q8N0Z3	SPICE1
Q8N0Z6	TTC5
Q8N122	RPTOR
Q8N128	FAM177A1
Q8N138	ORMDL3
Q8N163	CCAR2
Q8N183	NDUFAF2
Q8N1B4	VPS52
Q8N1F7	NUP93
Q8N1F8	STK11IP
Q8N1G0	ZNF687
Q8N1G2	CMTR1
Q8N1G4	LRRC47
Q8N1N4	KRT78
Q8N1S5	SLC39A11
Q8N201	INTS1
Q8N257	HIST3H2BB
Q8N2A8	PLD6
Q8N2F6	ARMC10
Q8N2G8	GHDC
Q8N2H4	SYS1
Q8N2K0	ABHD12
Q8N2K1	UBE2J2
Q8N2M8	CLASRP
Q8N2W9	PIAS4
Q8N335	GPD1L
Q8N392	ARHGAP18
Q8N3C0	ASCC3
Q8N3E9	PLCD3
Q8N3F8	MICALL1
Q8N3P4	VPS8
Q8N3R9	MPP5
Q8N3U4	STAG2
Q8N3X1	FNBP4
Q8N3Z3	GTPBP8
Q8N442	GUF1
Q8N488	RYBP
Q8N4A0	GALNT4
Q8N4C8	MINK1
Q8N4H5	TOMM5
Q8N4J0	CARNMT1
Q8N4P3	HDDC3
Q8N4Q0	ZADH2
Q8N4Q1	CHCHD4
Q8N4T8	CBR4
Q8N4V1	MMGT1
Q8N511	TMEM199
Q8N543	OGFOD1
Q8N556	AFAP1
Q8N567	ZCCHC9
Q8N573	OXR1
Q8N584	TTC39C
Q8N5A5	ZGPAT
Q8N5B7	CERS5
Q8N5C6	SRBD1
Q8N5F7	NKAP
Q8N5G2	MACO1
Q8N5K1	CISD2
Q8N5L8	RPP25L
Q8N5M1	ATPAF2
Q8N5M4	TTC9C
Q8N5M9	JAGN1
Q8N5N7	MRPL50
Q8N5P1	ZC3H8
Q8N5U6	RNF10
Q8N5V2	NGEF
Q8N5W9	RFLNB
Q8N5Y2	MSL3
Q8N5Y8	PARP16
Q8N612	FAM160A2
Q8N653	LZTR1
Q8N668	COMMD1
Q8N684	CPSF7
Q8N697	SLC15A4
Q8N6G5	CSGALNACT2
Q8N6H7	ARFGAP2
Q8N6M0	OTUD6B
Q8N6N3	C1orf52
Q8N6Q8	METTL25
Q8N6R0	METTL13
Q8N6S5	ARL6IP6
Q8N6T3	ARFGAP1
Q8N726	CDKN2A
Q8N766	EMC1
Q8N7H5	PAF1
Q8N7R7	CCNYL1
Q8N806	UBR7
Q8N8A6	DDX51
Q8N8C0	ZNF781
Q8N8E3	CEP112
Q8N8L6	ARL10
Q8N8N7	PTGR2
Q8N8Q8	COX18
Q8N8Q9	NIPA2
Q8N8R3	SLC25A29
Q8N8R5	C2orf69
Q8N8R7	ARL14EP
Q8N8S7	ENAH
Q8N8Y2	ATP6V0D2
Q8N954	GPATCH11
Q8N983	MRPL43
Q8N999	C12orf29
Q8N9F7	GDPD1
Q8N9M1	C19orf47
Q8N9N2	ASCC1
Q8N9N5	BANP
Q8N9N7	LRRC57
Q8N9N8	EIF1AD
Q8N9R8	SCAI
Q8N9T8	KRI1
Q8NAN2	MIGA1
Q8NAT1	POMGNT2
Q8NAV1	PRPF38A
Q8NB14	USP38
Q8NB37	GATD1
Q8NB46	ANKRD52
Q8NB49	ATP11C
Q8NB78	KDM1B
Q8NB90	SPATA5
Q8NBF2	NHLRC2
Q8NBI6	XXYLT1
Q8NBJ4	GOLM1
Q8NBJ5	COLGALT1
Q8NBJ7	SUMF2
Q8NBL1	POGLUT1
Q8NBM4	UBAC2
Q8NBM8	PCYOX1L
Q8NBN3	TMEM87A
Q8NBN7	RDH13
Q8NBQ5	HSD17B11
Q8NBS9	TXNDC5
Q8NBT2	SPC24
Q8NBU5	ATAD1
Q8NBX0	SCCPDH
Q8NBZ7	UXS1
Q8NC42	RNF149
Q8NC44	RETREG2
Q8NC51	SERBP1
Q8NC54	C5orf15
Q8NC56	LEMD2
Q8NC60	NOA1
Q8NC96	NECAP1
Q8NCA5	FAM98A
Q8NCC3	PLA2G15
Q8NCC5	SLC37A3
Q8NCD3	HJURP
Q8NCE2	MTMR14
Q8NCF5	NFATC2IP
Q8NCG7	DAGLB
Q8NCH0	CHST14
Q8NCM8	DYNC2H1
Q8NCN4	RNF169
Q8NCN5	PDPR
Q8NCS4	TMEM35B
Q8NCU8	MTLN
Q8NCW5	NAXE
Q8NCX0	CCDC150
Q8ND04	SMG8
Q8ND24	RNF214
Q8ND56	LSM14A
Q8ND76	CCNY
Q8ND82	ZNF280C
Q8ND83	SLAIN1
Q8ND90	PNMA1
Q8NDD1	C1orf131
Q8NDF8	PAPD5
Q8NDI1	EHBP1
Q8NDT2	RBM15B
Q8NDV3	SMC1B
Q8NDV7	TNRC6A
Q8NDW8	TTC21A
Q8NDZ2	SIMC1
Q8NDZ4	C3orf58
Q8NE00	TMEM104
Q8NE01	CNNM3
Q8NE62	CHDH
Q8NE71	ABCF1
Q8NE86	MCU
Q8NEB9	PIK3C3
Q8NEC7	GSTCD
Q8NEF9	SRFBP1
Q8NEJ9	NGDN
Q8NEM2	SHCBP1
Q8NEM7	SUPT20H
Q8NEN9	PDZD8
Q8NEU8	APPL2
Q8NEW0	SLC30A7
Q8NEY8	PPHLN1
Q8NEZ5	FBXO22
Q8NF37	LPCAT1
Q8NF91	SYNE1
Q8NFA0	USP32
Q8NFC6	BOD1L1
Q8NFD5	ARID1B
Q8NFF5	FLAD1
Q8NFG4	FLCN
Q8NFH3	NUP43
Q8NFH4	NUP37
Q8NFH5	NUP35
Q8NFP7	NUDT10
Q8NFQ8	TOR1AIP2
Q8NFV4	ABHD11
Q8NFW8	CMAS
Q8NG31	KNL1
Q8NHH9	ATL2
Q8NHM5	KDM2B
Q8NHP6	MOSPD2
Q8NHP8	PLBD2
Q8NHQ9	DDX55
Q8NHS3	MFSD8
Q8NHU6	TDRD7
Q8NHV4	NEDD1
Q8NHY6	ZFP28
Q8NI22	MCFD2
Q8NI27	THOC2
Q8NI35	PATJ
Q8NI36	WDR36
Q8NI60	COQ8A
Q8NI77	KIF18A
Q8TAA5	GRPEL2
Q8TAA9	VANGL1
Q8TAB3	PCDH19
Q8TAD4	SLC30A5
Q8TAD8	SNIP1
Q8TAE8	GADD45GIP1
Q8TAF3	WDR48
Q8TAG9	EXOC6
Q8TAQ2	SMARCC2
Q8TAT6	NPLOC4
Q8TAX7	MUC7
Q8TB03	CXorf38
Q8TB36	GDAP1
Q8TB37	NUBPL
Q8TB52	FBXO30
Q8TB61	SLC35B2
Q8TB72	PUM2
Q8TBA6	GOLGA5
Q8TBB5	KLHDC4
Q8TBC3	SHKBP1
Q8TBC4	UBA3
Q8TBE0	BAHD1
Q8TBE9	NANP
Q8TBF2	FAM213B
Q8TBF4	ZCRB1
Q8TBM8	DNAJB14
Q8TBP6	SLC25A40
Q8TBQ9	TMEM167A
Q8TBX8	PIP4K2C
Q8TC07	TBC1D15
Q8TC12	RDH11
Q8TCC3	MRPL30
Q8TCD1	C18orf32
Q8TCD5	NT5C
Q8TCE6	FAM45A
Q8TCF1	ZFAND1
Q8TCG1	CIP2A
Q8TCG2	PI4K2B
Q8TCJ2	STT3B
Q8TCS8	PNPT1
Q8TCT0	CERK
Q8TCT8	SPPL2A
Q8TCT9	HM13
Q8TCX1	DYNC2LI1
Q8TCY9	URGCP
Q8TD16	BICD2
Q8TD19	NEK9
Q8TD22	SFXN5
Q8TD26	CHD6
Q8TD30	GPT2
Q8TDB6	DTX3L
Q8TDD1	DDX54
Q8TDI0	CHD5
Q8TDJ6	DMXL2
Q8TDL5	BPIFB1
Q8TDN4	CABLES1
Q8TDN6	BRIX1
Q8TDP1	RNASEH2C
Q8TDQ7	GNPDA2
Q8TDW0	LRRC8C
Q8TDW7	FAT3
Q8TDX7	NEK7
Q8TDY2	RB1CC1
Q8TEA1	NSUN6
Q8TEB1	DCAF11
Q8TED0	UTP15
Q8TED1	GPX8
Q8TEK3	DOT1L
Q8TEL6	TRPC4AP
Q8TEM1	NUP210
Q8TEQ6	GEMIN5
Q8TEQ8	PIGO
Q8TER5	ARHGEF40
Q8TEU7	RAPGEF6
Q8TEW0	PARD3
Q8TEX9	IPO4
Q8TEY7	USP33
Q8TF01	PNISR
Q8TF05	PPP4R1
Q8TF46	DIS3L
Q8TF68	ZNF384
Q8TF76	HASPIN
Q8WTS1	ABHD5
Q8WTS6	SETD7
Q8WTT2	NOC3L
Q8WTV0	SCARB1
Q8WTW3	COG1
Q8WU17	RNF139
Q8WU76	SCFD2
Q8WU79	SMAP2
Q8WU90	ZC3H15
Q8WUA2	PPIL4
Q8WUA4	GTF3C2
Q8WUB8	PHF10
Q8WUD1	RAB2B
Q8WUD4	CCDC12
Q8WUH2	TGFBRAP1
Q8WUH6	TMEM263
Q8WUJ1	CYB5D2
Q8WUK0	PTPMT1
Q8WUM0	NUP133
Q8WUM4	PDCD6IP
Q8WUQ7	CACTIN
Q8WUR7	C15orf40
Q8WUU5	GATAD1
Q8WUW1	BRK1
Q8WUX2	CHAC2
Q8WUX9	CHMP7
Q8WUY1	THEM6
Q8WUY8	NAT14
Q8WUY9	DEPDC1B
Q8WUZ0	BCL7C
Q8WV22	NSMCE1
Q8WV74	NUDT8
Q8WV93	AFG1L
Q8WVB6	CHTF18
Q8WVC0	LEO1
Q8WVC6	DCAKD
Q8WVD3	RNF138
Q8WVI0	SMIM4
Q8WVJ2	NUDCD2
Q8WVM0	TFB1M
Q8WVM7	STAG1
Q8WVM8	SCFD1
Q8WVP7	LMBR1
Q8WVQ1	CANT1
Q8WVT3	TRAPPC12
Q8WVV4	POF1B
Q8WVV9	HNRNPLL
Q8WVX9	FAR1
Q8WVY7	UBLCP1
Q8WW12	PCNP
Q8WW59	SPRYD4
Q8WWC4	MAIP1
Q8WWH5	TRUB1
Q8WWI1	LMO7
Q8WWI5	SLC44A1
Q8WWK9	CKAP2
Q8WWM7	ATXN2L
Q8WWQ0	PHIP
Q8WWV3	RTN4IP1
Q8WWY3	PRPF31
Q8WX92	NELFB
Q8WX93	PALLD
Q8WXA9	SREK1
Q8WXD5	GEMIN6
Q8WXE0	CASKIN2
Q8WXE1	ATRIP
Q8WXF0	SRSF12
Q8WXF1	PSPC1
Q8WXG6	MADD
Q8WXH0	SYNE2
Q8WXI9	GATAD2B
Q8WXW3	PIBF1
Q8WXX5	DNAJC9
Q8WY22	BRI3BP
Q8WY36	BBX
Q8WYA0	IFT81
Q8WYA6	CTNNBL1
Q8WYH8	ING5
Q8WYP5	AHCTF1
Q8WYQ5	DGCR8
Q8WZ42	TTN
Q8WZ74	CTTNBP2
Q8WZ82	OVCA2
Q8WZA0	LZIC
Q8WZA9	IRGQ
Q92484	SMPDL3A
Q92485	SMPDL3B
Q92499	DDX1
Q92503	SEC14L1
Q92504	SLC39A7
Q92506	HSD17B8
Q92520	FAM3C
Q92522	H1FX
Q92526	CCT6B
Q92530	PSMF1
Q92538	GBF1
Q92541	RTF1
Q92542	NCSTN
Q92543	SNX19
Q92544	TM9SF4
Q92545	TMEM131
Q92547	TOPBP1
Q92551	IP6K1
Q92552	MRPS27
Q92558	WASF1
Q92560	BAP1
Q92564	DCUN1D4
Q92569	PIK3R3
Q92572	AP3S1
Q92575	UBXN4
Q92576	PHF3
Q92581	SLC9A6
Q92597	NDRG1
Q92598	HSPH1
Q92599	SEPT8
Q92600	CNOT9
Q92604	LPGAT1
Q92610	ZNF592
Q92614	MYO18A
Q92615	LARP4B
Q92616	GCN1
Q92620	DHX38
Q92621	NUP205
Q92625	ANKS1A
Q92643	PIGK
Q92665	MRPS31
Q92667	AKAP1
Q92673	SORL1
Q92674	CENPI
Q92688	ANP32B
Q92692	NECTIN2
Q92696	RABGGTA
Q92733	PRCC
Q92734	TFG
Q92747	ARPC1A
Q92759	GTF2H4
Q92766	RREB1
Q92769	HDAC2
Q92783	STAM
Q92785	DPF2
Q92791	P3H4
Q92793	CREBBP
Q92794	KAT6A
Q92796	DLG3
Q92797	SYMPK
Q92804	TAF15
Q92820	GGH
Q92830	KAT2A
Q92841	DDX17
Q92845	KIFAP3
Q92859	NEO1
Q92878	RAD50
Q92879	CELF1
Q92882	OSTF1
Q92888	ARHGEF1
Q92889	ERCC4
Q92890	UFD1
Q92896	GLG1
Q92900	UPF1
Q92905	COPS5
Q92908	GATA6
Q92917	GPKOW
Q92922	SMARCC1
Q92925	SMARCD2
Q92930	RAB8B
Q92945	KHSRP
Q92947	GCDH
Q92968	PEX13
Q92973	TNPO1
Q92974	ARHGEF2
Q92979	EMG1
Q92989	CLP1
Q92990	GLMN
Q92993	KAT5
Q92994	BRF1
Q92995	USP13
Q92997	DVL3
Q93008	USP9X
Q93009	USP7
Q93034	CUL5
Q93045	STMN2
Q93050	ATP6V0A1
Q93052	LPP
Q93062	RBPMS
Q93063	EXT2
Q93074	MED12
Q93096	PTP4A1
Q93100	PHKB
Q969E2	SCAMP4
Q969E8	TSR2
Q969F1	GTF3C6
Q969F9	HPS3
Q969G3	SMARCE1
Q969G6	RFK
Q969H8	MYDGF
Q969M3	YIPF5
Q969N2	PIGT
Q969P6	TOP1MT
Q969Q0	RPL36AL
Q969Q5	RAB24
Q969R2	OSBP2
Q969R5	L3MBTL2
Q969S3	ZNF622
Q969S9	GFM2
Q969T7	NT5C3B
Q969T9	WBP2
Q969U7	PSMG2
Q969V3	NCLN
Q969V5	MUL1
Q969X5	ERGIC1
Q969X6	UTP4
Q969Y0	NXPE3
Q969Y2	GTPBP3
Q969Z0	TBRG4
Q969Z3	MARC2
Q96A26	FAM162A
Q96A33	CCDC47
Q96A35	MRPL24
Q96A49	SYAP1
Q96A54	ADIPOR1
Q96A57	TMEM230
Q96A65	EXOC4
Q96AA3	RFT1
Q96AB3	ISOC2
Q96AC1	FERMT2
Q96AD5	PNPLA2
Q96AE4	FUBP1
Q96AG3	SLC25A46
Q96AG4	LRRC59
Q96AJ9	VTI1A
Q96AQ6	PBXIP1
Q96AQ8	MCUR1
Q96AX1	VPS33A
Q96AY3	FKBP10
Q96AY4	TTC28
Q96B01	RAD51AP1
Q96B23	C18orf25
Q96B26	EXOSC8
Q96B36	AKT1S1
Q96B49	TOMM6
Q96B96	TMEM159
Q96BD8	SKA1
Q96BH1	RNF25
Q96BJ3	AIDA
Q96BK5	PINX1
Q96BM9	ARL8A
Q96BN8	OTULIN
Q96BP3	PPWD1
Q96BQ5	CCDC127
Q96BR1	SGK3
Q96BR5	COA7
Q96BT3	CENPT
Q96BT7	ALKBH8
Q96BW5	PTER
Q96BW9	TAMM41
Q96BY7	ATG2B
Q96BY9	SARAF
Q96C01	FAM136A
Q96C03	MIEF2
Q96C12	ARMC5
Q96C19	EFHD2
Q96C23	GALM
Q96C36	PYCR2
Q96C57	C12orf43
Q96C86	DCPS
Q96C90	PPP1R14B
Q96C92	SDCCAG3
Q96CB8	INTS12
Q96CB9	NSUN4
Q96CD2	PPCDC
Q96CM8	ACSF2
Q96CN5	LRRC45
Q96CN7	ISOC1
Q96CN9	GCC1
Q96CP2	FLYWCH2
Q96CP6	GRAMD1A
Q96CP7	TLCD1
Q96CQ1	SLC25A36
Q96CS2	HAUS1
Q96CS3	FAF2
Q96CT7	CCDC124
Q96CU9	FOXRED1
Q96CW1	AP2M1
Q96CW5	TUBGCP3
Q96CX2	KCTD12
Q96D09	GPRASP2
Q96D46	NMD3
Q96D53	COQ8B
Q96D71	REPS1
Q96DA2	RAB39B
Q96DA6	DNAJC19
Q96DB5	RMDN1
Q96DC7	TMCO6
Q96DE0	NUDT16
Q96DE5	ANAPC16
Q96DF8	ESS2
Q96DG6	CMBL
Q96DH6	MSI2
Q96DI7	SNRNP40
Q96DM3	RMC1
Q96DP5	MTFMT
Q96DR8	MUCL1
Q96DT7	ZBTB10
Q96DV4	MRPL38
Q96DX4	RSPRY1
Q96DY7	MTBP
Q96DZ1	ERLEC1
Q96E11	MRRF
Q96E16	SMIM19
Q96E17	RAB3C
Q96E22	NUS1
Q96E29	MTERF3
Q96E39	RBMXL1
Q96E52	OMA1
Q96EA4	SPDL1
Q96EB1	ELP4
Q96EB6	SIRT1
Q96EC8	YIPF6
Q96ED9	HOOK2
Q96EE3	SEH1L
Q96EH3	MALSU1
Q96EI5	TCEAL4
Q96EK4	THAP11
Q96EK5	KIFBP
Q96EK6	GNPNAT1
Q96EK7	FAM120B
Q96EK9	KTI12
Q96EL2	MRPS24
Q96EL3	MRPL53
Q96EM0	L3HYPDH
Q96EN8	MOCOS
Q96EP0	RNF31
Q96EP5	DAZAP1
Q96ER3	SAAL1
Q96ER9	CCDC51
Q96ES6	MFSD3
Q96ES7	SGF29
Q96EU6	RRP36
Q96EV2	RBM33
Q96EV8	DTNBP1
Q96EX1	SMIM12
Q96EX3	WDR34
Q96EY1	DNAJA3
Q96EY4	TMA16
Q96EY5	MVB12A
Q96EY7	PTCD3
Q96EY8	MMAB
Q96EY9	ADAT3
Q96EZ8	MCRS1
Q96F07	CYFIP2
Q96F25	ALG14
Q96F45	ZNF503
Q96F63	CCDC97
Q96F86	EDC3
Q96FC9	DDX11
Q96FF9	CDCA5
Q96FJ0	STAMBPL1
Q96FJ2	DYNLL2
Q96FK6	WDR89
Q96FN4	CPNE2
Q96FS4	SIPA1
Q96FV9	THOC1
Q96FW1	OTUB1
Q96FX7	TRMT61A
Q96FZ2	HMCES
Q96FZ7	CHMP6
Q96G03	PGM2
Q96G21	IMP4
Q96G23	CERS2
Q96G28	CFAP36
Q96G46	DUS3L
Q96G61	NUDT11
Q96G74	OTUD5
Q96GA3	LTV1
Q96GC5	MRPL48
Q96GC9	VMP1
Q96GD0	PDXP
Q96GD4	AURKB
Q96GG9	DCUN1D1
Q96GJ1	TRMT2B
Q96GK7	FAHD2A
Q96GM5	SMARCD1
Q96GM8	TOE1
Q96GN5	CDCA7L
Q96GQ5	C16orf58
Q96GQ7	DDX27
Q96GS6	ABHD17A
Q96GW9	MARS2
Q96GX5	MASTL
Q96GX9	APIP
Q96GY0	ZC2HC1A
Q96GZ6	SLC41A3
Q96H55	MYO19
Q96H78	SLC25A44
Q96HA1	POM121
Q96HA7	TONSL
Q96HA9	PEX11G
Q96HC4	PDLIM5
Q96HD1	CRELD1
Q96HE7	ERO1A
Q96HH6	TMEM19
Q96HJ9	FMC1
Q96HN2	AHCYL2
Q96HP0	DOCK6
Q96HP4	OXNAD1
Q96HQ2	CDKN2AIPNL
Q96HR8	NAF1
Q96HR9	REEP6
Q96HS1	PGAM5
Q96HV5	TMEM41A
Q96HW7	INTS4
Q96HY6	DDRGK1
Q96HY7	DHTKD1
Q96I15	SCLY
Q96I24	FUBP3
Q96I25	RBM17
Q96I36	COX14
Q96I45	TMEM141
Q96I51	RCC1L
Q96I59	NARS2
Q96I99	SUCLG2
Q96II8	LRCH3
Q96IJ6	GMPPA
Q96IK0	TMEM101
Q96IK1	BOD1
Q96IR2	ZNF845
Q96IU4	ABHD14B
Q96IX5	USMG5
Q96IY1	NSL1
Q96IZ0	PAWR
Q96IZ5	RBM41
Q96IZ7	RSRC1
Q96J01	THOC3
Q96J02	ITCH
Q96J42	TXNDC15
Q96J84	KIRREL1
Q96JA1	LRIG1
Q96JA3	PLEKHA8
Q96JB2	COG3
Q96JB3	HIC2
Q96JB5	CDK5RAP3
Q96JC1	VPS39
Q96JC9	EAF1
Q96JG6	VPS50
Q96JH7	VCPIP1
Q96JI7	SPG11
Q96JJ3	ELMO2
Q96JJ7	TMX3
Q96JK2	DCAF5
Q96JM3	CHAMP1
Q96JM7	L3MBTL3
Q96JN0	LCOR
Q96JP5	ZFP91
Q96JX3	SERAC1
Q96K12	FAR2
Q96K17	BTF3L4
Q96K37	SLC35E1
Q96K49	TMEM87B
Q96K76	USP47
Q96KA5	CLPTM1L
Q96KB5	PBK
Q96KC2	ARL5B
Q96KC8	DNAJC1
Q96KF7	SMIM8
Q96KG9	SCYL1
Q96KM6	ZNF512B
Q96KP1	EXOC2
Q96KP4	CNDP2
Q96KQ7	EHMT2
Q96KR1	ZFR
Q96KR6	FAM210B
Q96L50	LRR1
Q96L58	B3GALT6
Q96L73	NSD1
Q96L91	EP400
Q96L92	SNX27
Q96L93	KIF16B
Q96LD8	SENP8
Q96LI5	CNOT6L
Q96LJ7	DHRS1
Q96LL9	DNAJC30
Q96LT9	RNPC3
Q96LW4	PRIMPOL
Q96LZ7	RMDN2
Q96M27	PRRC1
Q96M89	CCDC138
Q96ME1	FBXL18
Q96ME7	ZNF512
Q96MF7	NSMCE2
Q96MG7	NSMCE3
Q96MH6	TMEM68
Q96MU7	YTHDC1
Q96MW1	CCDC43
Q96MW5	COG8
Q96MX6	WDR92
Q96N11	C7orf26
Q96N64	PWWP2A
Q96N66	MBOAT7
Q96N67	DOCK7
Q96NB2	SFXN2
Q96NB3	ZNF830
Q96NC0	ZMAT2
Q96ND0	FAM210A
Q96NI8	ZNF570
Q96NT0	CCDC115
Q96P11	NSUN5
Q96P16	RPRD1A
Q96P47	AGAP3
Q96P48	ARAP1
Q96P63	SERPINB12
Q96P70	IPO9
Q96PC5	MIA2
Q96PE3	INPP4A
Q96PE7	MCEE
Q96PK6	RBM14
Q96PU4	UHRF2
Q96PU5	NEDD4L
Q96PU8	QKI
Q96PV6	LENG8
Q96PY5	FMNL2
Q96PY6	NEK1
Q96PZ0	PUS7
Q96Q05	TRAPPC9
Q96Q11	TRNT1
Q96Q15	SMG1
Q96Q89	KIF20B
Q96QA5	GSDMA
Q96QC0	PPP1R10
Q96QD8	SLC38A2
Q96QD9	FYTTD1
Q96QE3	ATAD5
Q96QE5	TEFM
Q96QF0	RAB3IP
Q96QK1	VPS35
Q96QR8	PURB
Q96QU8	XPO6
Q96R06	SPAG5
Q96RD7	PANX1
Q96RE7	NACC1
Q96RG2	PASK
Q96RK4	BBS4
Q96RL1	UIMC1
Q96RL7	VPS13A
Q96RP9	GFM1
Q96RQ1	ERGIC2
Q96RQ3	MCCC1
Q96RR1	TWNK
Q96RR4	CAMKK2
Q96RS0	TGS1
Q96RS6	NUDCD1
Q96RT1	ERBIN
Q96RT7	TUBGCP6
Q96RT8	TUBGCP5
Q96RU2	USP28
Q96RU3	FNBP1
Q96S38	RPS6KC1
Q96S44	TP53RK
Q96S52	PIGS
Q96S55	WRNIP1
Q96S59	RANBP9
Q96S66	CLCC1
Q96S82	UBL7
Q96S94	CCNL2
Q96S97	MYADM
Q96SB3	PPP1R9B
Q96SB4	SRPK1
Q96SB8	SMC6
Q96SI1	KCTD15
Q96SI9	STRBP
Q96SK2	TMEM209
Q96SN8	CDK5RAP2
Q96ST2	IWS1
Q96ST3	SIN3A
Q96SU4	OSBPL9
Q96SW2	CRBN
Q96SY0	INTS14
Q96SZ5	ADO
Q96SZ6	CDK5RAP1
Q96T21	SECISBP2
Q96T23	RSF1
Q96T37	RBM15
Q96T51	RUFY1
Q96T52	IMMP2L
Q96T58	SPEN
Q96T60	PNKP
Q96T76	MMS19
Q96T88	UHRF1
Q96TA1	FAM129B
Q96TA2	YME1L1
Q96TC7	RMDN3
Q99417	MYCBP
Q99426	TBCB
Q99436	PSMB7
Q99439	CNN2
Q99442	SEC62
Q99447	PCYT2
Q99459	CDC5L
Q99460	PSMD1
Q99471	PFDN5
Q99487	PAFAH2
Q99496	RNF2
Q99497	PARK7
Q99504	EYA3
Q99519	NEU1
Q99523	SORT1
Q99536	VAT1
Q99538	LGMN
Q99541	PLIN2
Q99543	DNAJC2
Q99547	MPHOSPH6
Q99549	MPHOSPH8
Q99567	NUP88
Q99569	PKP4
Q99570	PIK3R4
Q99575	POP1
Q99576	TSC22D3
Q99584	S100A13
Q99590	SCAF11
Q99595	TIMM17A
Q99598	TSNAX
Q99614	TTC1
Q99615	DNAJC7
Q99622	C12orf57
Q99623	PHB2
Q99626	CDX2
Q99627	COPS8
Q99633	PRPF18
Q99638	RAD9A
Q99640	PKMYT1
Q99643	SDHC
Q99653	CHP1
Q99661	KIF2C
Q99666	RGPD5*
Q99700	ATXN2
Q99707	MTR
Q99714	HSD17B10
Q99717	SMAD5
Q99720	SIGMAR1
Q99728	BARD1
Q99729	HNRNPAB
Q99733	NAP1L4
Q99735	MGST2
Q99741	CDC6
Q99747	NAPG
Q99755	PIP5K1A
Q99757	TXN2
Q99758	ABCA3
Q99766	ATP5S
Q99797	MIPEP
Q99798	ACO2
Q99805	TM9SF2
Q99807	COQ7
Q99808	SLC29A1
Q99816	TSG101
Q99828	CIB1
Q99829	CPNE1
Q99832	CCT7
Q99848	EBNA1BP2
Q99856	ARID3A
Q99871	HAUS7
Q99873	PRMT1
Q99935	OPRPN
Q99942	RNF5
Q99943	AGPAT1
Q99956	DUSP9
Q99959	PKP2
Q99961	SH3GL1
Q99962	SH3GL2
Q99963	SH3GL3
Q99986	VRK1
Q99996	AKAP9
Q9BPU6	DPYSL5
Q9BPW8	NIPSNAP1
Q9BPX3	NCAPG
Q9BPX6	MICU1
Q9BPY3	FAM118B
Q9BPZ3	PAIP2
Q9BPZ7	MAPKAP1
Q9BQ04	RBM4B
Q9BQ39	DDX50
Q9BQ52	ELAC2
Q9BQ61	TRIR
Q9BQ67	GRWD1
Q9BQ69	MACROD1
Q9BQ70	TCF25
Q9BQ75	CMSS1
Q9BQ95	ECSIT
Q9BQA1	WDR77
Q9BQC3	DPH2
Q9BQD7	FAM173A
Q9BQE3	TUBA1C
Q9BQE5	APOL2
Q9BQE9	BCL7B
Q9BQG0	MYBBP1A
Q9BQG2	NUDT12
Q9BQI6	SLF1
Q9BQP7	MGME1
Q9BQS8	FYCO1
Q9BQT8	SLC25A21
Q9BQT9	CLSTN3
Q9BR61	ACBD6
Q9BR76	CORO1B
Q9BRA2	TXNDC17
Q9BRF8	CPPED1
Q9BRG1	VPS25
Q9BRJ2	MRPL45
Q9BRJ6	C7orf50
Q9BRJ7	NUDT16L1
Q9BRK0	REEP2
Q9BRK4	LZTS2
Q9BRK5	SDF4
Q9BRP1	PDCD2L
Q9BRP4	PAAF1
Q9BRP8	PYM1
Q9BRR6	ADPGK
Q9BRR8	GPATCH1
Q9BRS2	RIOK1
Q9BRT2	UQCC2
Q9BRT6	LLPH
Q9BRT9	GINS4
Q9BRU9	UTP23
Q9BRV3	SLC50A1
Q9BRV8	SIKE1
Q9BRX2	PELO
Q9BRX5	GINS3
Q9BRX8	FAM213A
Q9BRX9	WDR83
Q9BRZ2	TRIM56
Q9BS16	CENPK
Q9BS26	ERP44
Q9BSC4	NOL10
Q9BSD7	NTPCR
Q9BSF4	TIMM29
Q9BSH4	TACO1
Q9BSH5	HDHD3
Q9BSJ2	TUBGCP2
Q9BSJ5	C17orf80
Q9BSJ8	ESYT1
Q9BSK2	SLC25A33
Q9BSK4	FEM1A
Q9BSL1	UBAC1
Q9BSR8	YIPF4
Q9BST9	RTKN
Q9BSV6	TSEN34
Q9BSY4	CHCHD5
Q9BT17	MTG1
Q9BT22	ALG1
Q9BT25	HAUS8
Q9BT40	INPP5K
Q9BT73	PSMG3
Q9BT78	COPS4
Q9BTA9	WAC
Q9BTC0	DIDO1
Q9BTC8	MTA3
Q9BTD8	RBM42
Q9BTE1	DCTN5
Q9BTE3	MCMBP
Q9BTE6	AARSD1
Q9BTE7	DCUN1D5
Q9BTT0	ANP32E
Q9BTT6	LRRC1
Q9BTU6	PI4K2A
Q9BTV4	TMEM43
Q9BTV5	FSD1
Q9BTV6	DPH7
Q9BTW9	TBCD
Q9BTX1	NDC1
Q9BTX7	TTPAL
Q9BTY2	FUCA2
Q9BTY7	HGH1
Q9BTZ2	DHRS4
Q9BU02	THTPA
Q9BU23	LMF2
Q9BU61	NDUFAF3
Q9BU64	CENPO
Q9BU76	C1orf35
Q9BU89	DOHH
Q9BUB5	MKNK1
Q9BUB7	TMEM70
Q9BUE0	MED18
Q9BUF5	TUBB6
Q9BUH6	PAXX
Q9BUI4	POLR3C
Q9BUJ2	HNRNPUL1
Q9BUK6	MSTO1
Q9BUL5	PHF23
Q9BUL8	PDCD10
Q9BUN8	DERL1
Q9BUP0	EFHD1
Q9BUP3	HTATIP2
Q9BUQ8	DDX23
Q9BUR4	WRAP53
Q9BUR5	APOO
Q9BUT1	BDH2
Q9BUV8	C20orf24
Q9BV10	ALG12
Q9BV19	C1orf50
Q9BV20	MRI1
Q9BV23	ABHD6
Q9BV38	WDR18
Q9BV44	THUMPD3
Q9BV57	ADI1
Q9BV73	CEP250
Q9BV79	MECR
Q9BV81	EMC6
Q9BV86	NTMT1
Q9BVA0	KATNB1
Q9BVA1	TUBB2B
Q9BVC3	DSCC1
Q9BVC5	C2orf49
Q9BVC6	TMEM109
Q9BVG4	PBDC1
Q9BVG9	PTDSS2
Q9BVI4	NOC4L
Q9BVJ6	UTP14A
Q9BVK2	ALG8
Q9BVK6	TMED9
Q9BVL2	NUP58
Q9BVN2	RUSC1
Q9BVP2	GNL3
Q9BVQ7	SPATA5L1
Q9BVS4	RIOK2
Q9BVS5	TRMT61B
Q9BVV7	TIMM21
Q9BW19	KIFC1
Q9BW27	NUP85
Q9BW61	DDA1
Q9BW62	KATNAL1
Q9BW71	HIRIP3
Q9BW72	HIGD2A
Q9BW83	IFT27
Q9BW85	CCDC94
Q9BW91	NUDT9
Q9BW92	TARS2
Q9BWD1	ACAT2
Q9BWF3	RBM4
Q9BWH2	FUNDC2
Q9BWH6	RPAP1
Q9BWJ5	SF3B5
Q9BWM7	SFXN3
Q9BWN1	PRR14
Q9BWS9	CHID1
Q9BWT3	PAPOLG
Q9BWT6	MND1
Q9BWU0	SLC4A1AP
Q9BWW4	SSBP3
Q9BX40	LSM14B
Q9BX63	BRIP1
Q9BX67	JAM3
Q9BX68	HINT2
Q9BX95	SGPP1
Q9BXB4	OSBPL11
Q9BXF3	CECR2
Q9BXI6	TBC1D10A
Q9BXJ8	TMEM120A
Q9BXJ9	NAA15
Q9BXK5	BCL2L13
Q9BXP2	SLC12A9
Q9BXP5	SRRT
Q9BXR0	QTRT1
Q9BXS4	TMEM59
Q9BXS5	AP1M1
Q9BXS6	NUSAP1
Q9BXT5	TEX15
Q9BXW6	OSBPL1A
Q9BXW7	HDHD5
Q9BXW9	FANCD2
Q9BXY0	MAK16
Q9BY32	ITPA
Q9BY42	RTFDC1
Q9BY43	CHMP4A
Q9BY44	EIF2A
Q9BY49	PECR
Q9BY50	SEC11C
Q9BY66	KDM5D
Q9BY67	CADM1
Q9BY77	POLDIP3
Q9BY89	KIAA1671
Q9BYB4	GNB1L
Q9BYC5	FUT8
Q9BYC9	MRPL20
Q9BYD1	MRPL13
Q9BYD2	MRPL9
Q9BYD3	MRPL4
Q9BYD6	MRPL1
Q9BYE7	PCGF6
Q9BYF1	ACE2
Q9BYG3	NIFK
Q9BYG5	PARD6B
Q9BYI3	FAM126A
Q9BYJ9	YTHDF1
Q9BYN0	SRXN1
Q9BYN8	MRPS26
Q9BYP7	WNK3
Q9BYT8	NLN
Q9BYV8	CEP41
Q9BYW2	SETD2
Q9BYX7	POTEKP
Q9BZ23	PANK2
Q9BZ95	NSD3
Q9BZD4	NUF2
Q9BZE1	MRPL37
Q9BZE4	GTPBP4
Q9BZE9	ASPSCR1
Q9BZF1	OSBPL8
Q9BZF3	OSBPL6
Q9BZF9	UACA
Q9BZG1	RAB34
Q9BZG8	DPH1
Q9BZH6	WDR11
Q9BZI7	UPF3B
Q9BZJ0	CRNKL1
Q9BZK3	NACAP1
Q9BZK7	TBL1XR1
Q9BZL1	UBL5
Q9BZM4	ULBP3
Q9BZQ8	FAM129A
Q9BZV1	UBXN6
Q9BZX2	UCK2
Q9BZZ5	API5
Q9C005	DPY30
Q9C037	TRIM4
Q9C0B1	FTO
Q9C0B7	TANGO6
Q9C0C2	TNKS1BP1
Q9C0C4	SEMA4C
Q9C0C9	UBE2O
Q9C0D3	ZYG11B
Q9C0D9	SELENOI
Q9C0E2	XPO4
Q9C0E8	LNPK
Q9C0F1	CEP44
Q9C0H2	TTYH3
Q9C0I1	MTMR12
Q9C0J8	WDR33
Q9GZL7	WDR12
Q9GZM5	YIPF3
Q9GZN1	ACTR6
Q9GZN8	C20orf27
Q9GZP1	NRSN2
Q9GZP4	PITHD1
Q9GZP9	DERL2
Q9GZQ3	COMMD5
Q9GZR1	SENP6
Q9GZR2	REXO4
Q9GZR7	DDX24
Q9GZS1	POLR1E
Q9GZS3	WDR61
Q9GZT3	SLIRP
Q9GZT4	SRR
Q9GZT8	NIF3L1
Q9GZT9	EGLN1
Q9GZU8	FAM192A
Q9GZY4	COA1
Q9GZY8	MFF
Q9GZZ1	NAA50
Q9GZZ8	LACRT
Q9GZZ9	UBA5
Q9H000	MKRN2
Q9H019	MTFR1L
Q9H061	TMEM126A
Q9H074	PAIP1
Q9H078	CLPB
Q9H081	MIS12
Q9H082	RAB33B
Q9H089	LSG1
Q9H0A0	NAT10
Q9H0A8	COMMD4
Q9H0B6	KLC2
Q9H0C5	BTBD1
Q9H0C8	ILKAP
Q9H0D6	XRN2
Q9H0E2	TOLLIP
Q9H0E3	SAP130
Q9H0E9	BRD8
Q9H0F7	ARL6
Q9H0G5	NSRP1
Q9H0H0	INTS2
Q9H0H5	RACGAP1
Q9H0K6	PUS7L
Q9H0L4	CSTF2T
Q9H0P0	NT5C3A
Q9H0R1	AP5M1
Q9H0R4	HDHD2
Q9H0R6	QRSL1
Q9H0S4	DDX47
Q9H0U3	MAGT1
Q9H0U4	RAB1B
Q9H0U9	TSPYL1
Q9H0V9	LMAN2L
Q9H0W5	CCDC8
Q9H0W8	SMG9
Q9H0W9	C11orf54
Q9H0X9	OSBPL5
Q9H147	DNTTIP1
Q9H160	ING2
Q9H173	SIL1
Q9H1A3	METTL9
Q9H1A4	ANAPC1
Q9H1B5	XYLT2
Q9H1B7	IRF2BPL
Q9H1C4	UNC93B1
Q9H1D9	POLR3F
Q9H1E3	NUCKS1
Q9H1E5	TMX4
Q9H1H9	KIF13A
Q9H1I8	ASCC2
Q9H1K1	ISCU
Q9H1N7	SLC35B3
Q9H1P3	OSBPL2
Q9H1U9	SLC25A51
Q9H1X3	DNAJC25
Q9H1Y0	ATG5
Q9H1Z9	TSPAN10
Q9H223	EHD4
Q9H267	VPS33B
Q9H269	VPS16
Q9H270	VPS11
Q9H299	SH3BGRL3
Q9H2A2	ALDH8A1
Q9H2C0	GAN
Q9H2C2	ARV1
Q9H2D1	SLC25A32
Q9H2D6	TRIOBP
Q9H2G2	SLK
Q9H2H8	PPIL3
Q9H2H9	SLC38A1
Q9H2J4	PDCL3
Q9H2J7	SLC6A15
Q9H2K8	TAOK3
Q9H2M9	RAB3GAP2
Q9H2P0	ADNP
Q9H2P9	DPH5
Q9H2U1	DHX36
Q9H2U2	PPA2
Q9H2V7	SPNS1
Q9H2W6	MRPL46
Q9H2Y7	ZNF106
Q9H300	PARL
Q9H307	PNN
Q9H330	TMEM245
Q9H334	FOXP1
Q9H3C7	GGNBP2
Q9H3E2	SNX25
Q9H3F6	KCTD10
Q9H3G5	CPVL
Q9H3H1	TRIT1
Q9H3H5	DPAGT1
Q9H3K2	GHITM
Q9H3K6	BOLA2*
Q9H3L0	MMADHC
Q9H3N1	TMX1
Q9H3P2	NELFA
Q9H3P7	ACBD3
Q9H3R1	NDST4
Q9H3R5	CENPH
Q9H3S7	PTPN23
Q9H3U1	UNC45A
Q9H410	DSN1
Q9H425	C1orf198
Q9H444	CHMP4B
Q9H446	RWDD1
Q9H488	POFUT1
Q9H490	PIGU
Q9H496	TOR1AIP2
Q9H497	TOR3A
Q9H4A3	WNK1
Q9H4A4	RNPEP
Q9H4A5	GOLPH3L
Q9H4A6	GOLPH3
Q9H4H8	FAM83D
Q9H4I3	TRABD
Q9H4I9	SMDT1
Q9H4L4	SENP3
Q9H4L5	OSBPL3
Q9H4L7	SMARCAD1
Q9H4M9	EHD1
Q9H501	ESF1
Q9H553	ALG2
Q9H582	ZNF644
Q9H583	HEATR1
Q9H5H4	ZNF768
Q9H5I1	SUV39H2
Q9H5K3	POMK
Q9H5N1	RABEP2
Q9H5Q4	TFB2M
Q9H5V9	CXorf56
Q9H5Z1	DHX35
Q9H649	NSUN3
Q9H6D7	HAUS4
Q9H6E4	CCDC134
Q9H6E5	TUT1
Q9H6F5	CCDC86
Q9H6H4	REEP4
Q9H6K4	OPA3
Q9H6R0	DHX33
Q9H6R4	NOL6
Q9H6R6	ZDHHC6
Q9H6R7	WDCP
Q9H6S0	YTHDC2
Q9H6T3	RPAP3
Q9H6U6	BCAS3
Q9H6U8	ALG9
Q9H6V9	LDAH
Q9H6W3	RIOX1
Q9H6Y2	WDR55
Q9H6Z4	RANBP3
Q9H773	DCTPP1
Q9H7B2	RPF2
Q9H7B4	SMYD3
Q9H7C9	AAMDC
Q9H7D7	WDR26
Q9H7E9	C8orf33
Q9H7F0	ATP13A3
Q9H7F4	TMEM185B
Q9H7H0	METTL17
Q9H7L9	SUDS3
Q9H7N4	SCAF1
Q9H7S9	ZNF703
Q9H7Z3	NRDE2
Q9H7Z7	PTGES2
Q9H813	TMEM206
Q9H814	PHAX
Q9H845	ACAD9
Q9H853	TUBA4B
Q9H857	NT5DC2
Q9H871	RMND5A
Q9H8G2	CAAP1
Q9H8H0	NOL11
Q9H8H2	DDX31
Q9H8H3	METTL7A
Q9H8K7	C10orf88
Q9H8M2	BRD9
Q9H8M7	MINDY3
Q9H8S9	MOB1A
Q9H8T0	AKTIP
Q9H8V3	ECT2
Q9H8Y5	ANKZF1
Q9H8Y8	GORASP2
Q9H900	ZWILCH
Q9H903	MTHFD2L
Q9H910	JPT2
Q9H920	RNF121
Q9H936	SLC25A22
Q9H944	MED20
Q9H967	WDR76
Q9H974	QTRT2
Q9H977	WDR54
Q9H981	ACTR8
Q9H993	ARMT1
Q9H999	PANK3
Q9H9A5	CNOT10
Q9H9A6	LRRC40
Q9H9A7	RMI1
Q9H9B1	EHMT1
Q9H9B4	SFXN1
Q9H9C1	VIPAS39
Q9H9E3	COG4
Q9H9F9	ACTR5
Q9H9G7	AGO3
Q9H9H4	VPS37B
Q9H9J2	MRPL44
Q9H9L3	ISG20L2
Q9H9P8	L2HGDH
Q9H9Q2	COPS7B
Q9H9S3	SEC61A2
Q9H9S4	CAB39L
Q9H9S5	FKRP
Q9H9T3	ELP3
Q9H9Y2	RPF1
Q9H9Y6	POLR1B
Q9HA64	FN3KRP
Q9HA65	TBC1D17
Q9HA77	CARS2
Q9HA82	CERS4
Q9HAD4	WDR41
Q9HAF1	MEAF6
Q9HAS0	C17orf75
Q9HAT2	SIAE
Q9HAU0	PLEKHA5
Q9HAU5	UPF2
Q9HAV0	GNB4
Q9HAV4	XPO5
Q9HAV7	GRPEL1
Q9HAW4	CLSPN
Q9HAZ1	CLK4
Q9HB07	MYG1
Q9HB09	BCL2L12
Q9HB40	SCPEP1
Q9HB71	CACYBP
Q9HB90	RRAGC
Q9HBE1	PATZ1
Q9HBH5	RDH14
Q9HBI1	PARVB
Q9HBK9	AS3MT
Q9HBL7	PLGRKT
Q9HBM0	VEZT
Q9HBM1	SPC25
Q9HBM6	TAF9B
Q9HBU6	ETNK1
Q9HC07	TMEM165
Q9HC21	SLC25A19
Q9HC35	EML4
Q9HC36	MRM3
Q9HC38	GLOD4
Q9HC52	CBX8
Q9HCC0	MCCC2
Q9HCD5	NCOA5
Q9HCE1	MOV10
Q9HCE5	METTL14
Q9HCG8	CWC22
Q9HCJ1	ANKH
Q9HCK8	CHD8
Q9HCL2	GPAM
Q9HCM3	KIAA1549
Q9HCM4	EPB41L5
Q9HCN4	GPN1
Q9HCN8	SDF2L1
Q9HCS7	XAB2
Q9HCU5	PREB
Q9HD15	SRA1
Q9HD20	ATP13A1
Q9HD23	MRS2
Q9HD26	GOPC
Q9HD33	MRPL47
Q9HD42	CHMP1A
Q9HD45	TM9SF3
Q9HD47	RANGRF
Q9HDC9	APMAP
Q9NNW5	WDR6
Q9NNW7	TXNRD2
Q9NP08	HMX1
Q9NP50	SINHCAF
Q9NP58	ABCB6
Q9NP61	ARFGAP3
Q9NP64	ZCCHC17
Q9NP66	HMG20A
Q9NP72	RAB18
Q9NP73	ALG13
Q9NP77	SSU72
Q9NP79	VTA1
Q9NP80	PNPLA8
Q9NP81	SARS2
Q9NP85	NPHS2
Q9NP90	RAB9B
Q9NP92	MRPS30
Q9NP97	DYNLRB1
Q9NPA0	EMC7
Q9NPA8	ENY2
Q9NPB0	SAYSD1
Q9NPD3	EXOSC4
Q9NPD8	UBE2T
Q9NPE3	NOP10
Q9NPF0	CD320
Q9NPF4	OSGEP
Q9NPF5	DMAP1
Q9NPG3	UBN1
Q9NPH0	ACP6
Q9NPH2	ISYNA1
Q9NPI1	BRD7
Q9NPI6	DCP1A
Q9NPJ3	ACOT13
Q9NPJ6	MED4
Q9NPL8	TIMMDC1
Q9NPQ8	RIC8A
Q9NPR9	GPR108
Q9NQ11	ATP13A2
Q9NQ29	LUC7L
Q9NQ48	LZTFL1
Q9NQ50	MRPL40
Q9NQ55	PPAN
Q9NQ88	TIGAR
Q9NQC3	RTN4
Q9NQE9	HINT3
Q9NQG5	RPRD1B
Q9NQG6	MIEF1
Q9NQH7	XPNPEP3
Q9NQP4	PFDN4
Q9NQR4	NIT2
Q9NQS1	AVEN
Q9NQS7	INCENP
Q9NQT4	EXOSC5
Q9NQT5	EXOSC3
Q9NQT8	KIF13B
Q9NQW6	ANLN
Q9NQW7	XPNPEP1
Q9NQX3	GPHN
Q9NQX4	MYO5C
Q9NQX7	ITM2C
Q9NQZ2	UTP3
Q9NQZ5	STARD7
Q9NQZ7	ENTPD7
Q9NR09	BIRC6
Q9NR12	PDLIM7
Q9NR28	DIABLO
Q9NR30	DDX21
Q9NR31	SAR1A
Q9NR33	POLE4
Q9NR45	NANS
Q9NR46	SH3GLB2
Q9NR48	ASH1L
Q9NR50	EIF2B3
Q9NR56	MBNL1
Q9NR77	PXMP2
Q9NRA0	SPHK2
Q9NRA8	EIF4ENIF1
Q9NRB3	CHST12
Q9NRC1	ST7
Q9NRD5	PICK1
Q9NRF8	CTPS2
Q9NRF9	POLE3
Q9NRG0	CHRAC1
Q9NRG1	PRTFDC1
Q9NRG4	SMYD2
Q9NRG7	SDR39U1
Q9NRG9	AAAS
Q9NRK6	ABCB10
Q9NRL2	BAZ1A
Q9NRL3	STRN4
Q9NRM2	ZNF277
Q9NRN7	AASDHPPT
Q9NRP0	OSTC
Q9NRP2	CMC2
Q9NRR4	DROSHA
Q9NRR5	UBQLN4
Q9NRS6	SNX15
Q9NRV9	HEBP1
Q9NRW1	RAB6B
Q9NRW3	APOBEC3C
Q9NRW7	VPS45
Q9NRX1	PNO1
Q9NRX2	MRPL17
Q9NRX4	PHPT1
Q9NRX5	SERINC1
Q9NRX6	TMEM167B
Q9NRY4	ARHGAP35
Q9NRY5	FAM114A2
Q9NRZ5	AGPAT4
Q9NRZ9	HELLS
Q9NS69	TOMM22
Q9NS73	MBIP
Q9NS86	LANCL2
Q9NS87	KIF15
Q9NS91	RAD18
Q9NSC2	SALL1
Q9NSD9	FARSB
Q9NSE4	IARS2
Q9NSI2	FAM207A
Q9NSI6	BRWD1
Q9NSK0	KLC4
Q9NSP4	CENPM
Q9NSV4	DIAPH3
Q9NT62	ATG3
Q9NT99	LRRC4B
Q9NTG7	SIRT3
Q9NTI5	PDS5B
Q9NTJ3	SMC4
Q9NTJ4	MAN2C1
Q9NTJ5	SACM1L
Q9NTK5	OLA1
Q9NTM9	CUTC
Q9NTX5	ECHDC1
Q9NTZ6	RBM12
Q9NU22	MDN1
Q9NU23	LYRM2
Q9NUA8	ZBTB40
Q9NUB1	ACSS1
Q9NUD5	ZCCHC3
Q9NUG6	PDRG1
Q9NUH8	TMEM14B
Q9NUI1	DECR2
Q9NUJ1	ABHD10
Q9NUJ3	TCP11L1
Q9NUL3	STAU2
Q9NUL7	DDX28
Q9NUM4	TMEM106B
Q9NUN5	LMBRD1
Q9NUP1	BLOC1S4
Q9NUP9	LIN7C
Q9NUQ2	AGPAT5
Q9NUQ3	TXLNG
Q9NUQ6	SPATS2L
Q9NUQ7	UFSP2
Q9NUQ8	ABCF3
Q9NUQ9	FAM49B
Q9NUT2	ABCB8
Q9NUU6	FAM105A
Q9NUU7	DDX19A
Q9NUW8	TDP1
Q9NUY8	TBC1D23
Q9NV06	DCAF13
Q9NV31	IMP3
Q9NV56	MRGBP
Q9NV66	TYW1
Q9NV70	EXOC1
Q9NV88	INTS9
Q9NV96	TMEM30A
Q9NVA1	UQCC1
Q9NVA2	SEPT11
Q9NVC6	MED17
Q9NVD3	SETD4
Q9NVD7	PARVA
Q9NVE7	PANK4
Q9NVF9	ETNK2
Q9NVG8	TBC1D13
Q9NVH0	EXD2
Q9NVH1	DNAJC11
Q9NVH2	INTS7
Q9NVH6	TMLHE
Q9NVI1	FANCI
Q9NVI7	ATAD3A
Q9NVJ2	ARL8B
Q9NVM6	DNAJC17
Q9NVM9	INTS13
Q9NVN8	GNL3L
Q9NVP1	DDX18
Q9NVP2	ASF1B
Q9NVQ4	FAIM
Q9NVR0	KLHL11
Q9NVR2	INTS10
Q9NVR5	DNAAF2
Q9NVR7	TBCCD1
Q9NVS2	MRPS18A
Q9NVS9	PNPO
Q9NVT9	ARMC1
Q9NVU0	POLR3E
Q9NVU7	SDAD1
Q9NVV0	TMEM38B
Q9NVV4	MTPAP
Q9NVX0	HAUS2
Q9NVX2	NLE1
Q9NVZ3	NECAP2
Q9NW08	POLR3B
Q9NW13	RBM28
Q9NW15	ANO10
Q9NW64	RBM22
Q9NW68	BSDC1
Q9NW81	DMAC2
Q9NW82	WDR70
Q9NWB6	ARGLU1
Q9NWH9	SLTM
Q9NWL6	ASNSD1
Q9NWM8	FKBP14
Q9NWR8	MCUB
Q9NWS0	PIH1D1
Q9NWS8	RMND1
Q9NWT1	PAK1IP1
Q9NWT6	HIF1AN
Q9NWU1	OXSM
Q9NWU2	GID8
Q9NWU5	MRPL22
Q9NWV4	C1orf123
Q9NWV8	BABAM1
Q9NWW5	CLN6
Q9NWX5	ASB6
Q9NWX6	THG1L
Q9NWY4	HPF1
Q9NWZ8	GEMIN8
Q9NX00	TMEM160
Q9NX08	COMMD8
Q9NX14	NDUFB11
Q9NX18	SDHAF2
Q9NX20	MRPL16
Q9NX24	NHP2
Q9NX40	OCIAD1
Q9NX46	ADPRHL2
Q9NX47	MARCH5
Q9NX55	HYPK
Q9NX58	LYAR
Q9NX61	TMEM161A
Q9NX62	IMPAD1
Q9NX63	CHCHD3
Q9NX74	DUS2
Q9NX76	CMTM6
Q9NXB9	ELOVL2
Q9NXC5	MIOS
Q9NXE4	SMPD4
Q9NXE8	CWC25
Q9NXF1	TEX10
Q9NXF7	DCAF16
Q9NXG0	CNTLN
Q9NXG2	THUMPD1
Q9NXG6	P4HTM
Q9NXH9	TRMT1
Q9NXK8	FBXL12
Q9NXN4	GDAP2
Q9NXR1	NDE1
Q9NXR7	BABAM2
Q9NXS2	QPCTL
Q9NXU5	ARL15
Q9NXV2	KCTD5
Q9NXV6	CDKN2AIP
Q9NXW2	DNAJB12
Q9NXW9	ALKBH4
Q9NXX6	NSMCE4A
Q9NY12	GAR1
Q9NY27	PPP4R2
Q9NY33	DPP3
Q9NY47	CACNA2D2
Q9NY61	AATF
Q9NY64	SLC2A8
Q9NY93	DDX56
Q9NY97	B3GNT2
Q9NYA4	MTMR4
Q9NYB0	TERF2IP
Q9NYB9	ABI2
Q9NYF8	BCLAF1
Q9NYH9	UTP6
Q9NYK5	MRPL39
Q9NYL2	MAP3K20
Q9NYL9	TMOD3
Q9NYP7	ELOVL5
Q9NYU1	UGGT2
Q9NYU2	UGGT1
Q9NYV4	CDK12
Q9NYV6	RRN3
Q9NYY8	FASTKD2
Q9NYZ3	GTSE1
Q9NZ01	TECR
Q9NZ08	ERAP1
Q9NZ09	UBAP1
Q9NZ32	ACTR10
Q9NZ43	USE1
Q9NZ45	CISD1
Q9NZ52	GGA3
Q9NZ63	C9orf78
Q9NZ71	RTEL1
Q9NZB2	FAM120A
Q9NZB8	MOCS1
Q9NZC3	GDE1
Q9NZC9	SMARCAL1
Q9NZD2	GLTP
Q9NZD8	SPG21
Q9NZE8	MRPL35
Q9NZI7	UBP1
Q9NZI8	IGF2BP1
Q9NZJ0	DTL
Q9NZJ4	SACS
Q9NZJ6	COQ3
Q9NZJ7	MTCH1
Q9NZJ9	NUDT4
Q9NZL4	HSPBP1
Q9NZL9	MAT2B
Q9NZM3	ITSN2
Q9NZM5	NOP53
Q9NZN3	EHD3
Q9NZN4	EHD2
Q9NZN5	ARHGEF12
Q9NZN8	CNOT2
Q9NZQ3	NCKIPSD
Q9NZT1	CALML5
Q9NZT2	OGFR
Q9NZW5	MPP6
Q9NZZ3	CHMP5
Q9P000	COMMD9
Q9P013	CWC15
Q9P015	MRPL15
Q9P016	THYN1
Q9P031	CCDC59
Q9P032	NDUFAF4
Q9P035	HACD3
Q9P0B6	CCDC167
Q9P0I2	EMC3
Q9P0J0	NDUFA13
Q9P0J1	PDP1
Q9P0J7	KCMF1
Q9P0K7	RAI14
Q9P0L0	VAPA
Q9P0L2	MARK1
Q9P0M6	H2AFY2
Q9P0M9	MRPL27
Q9P0S2	COX16
Q9P0S9	TMEM14C
Q9P0T7	TMEM9
Q9P0U1	TOMM7
Q9P0U3	SENP1
Q9P0U4	CXXC1
Q9P0V3	SH3BP4
Q9P0V9	SEPT10
Q9P1F3	ABRACL
Q9P1Y5	CAMSAP3
Q9P1Y6	PHRF1
Q9P1Z2	CALCOCO1
Q9P206	KIAA1522
Q9P209	CEP72
Q9P246	STIM2
Q9P253	VPS18
Q9P258	RCC2
Q9P260	KIAA1468
Q9P265	DIP2B
Q9P266	JCAD
Q9P270	SLAIN2
Q9P273	TENM3
Q9P275	USP36
Q9P287	BCCIP
Q9P289	STK26
Q9P2B2	PTGFRN
Q9P2B4	CTTNBP2NL
Q9P2D0	IBTK
Q9P2D1	CHD7
Q9P2D3	HEATR5B
Q9P2E5	CHPF2
Q9P2E9	RRBP1
Q9P2I0	CPSF2
Q9P2J5	LARS
Q9P2K2	TXNDC16
Q9P2K5	MYEF2
Q9P2K8	EIF2AK4
Q9P2L0	WDR35
Q9P2M7	CGN
Q9P2N5	RBM27
Q9P2N6	KANSL3
Q9P2P6	STARD9
Q9P2R3	ANKFY1
Q9P2R7	SUCLA2
Q9P2S5	WRAP73
Q9P2T1	GMPR2
Q9P2W9	STX18
Q9P2X3	IMPACT
Q9UBB4	ATXN10
Q9UBB5	MBD2
Q9UBB6	NCDN
Q9UBB9	TFIP11
Q9UBC1	NFKBIL1
Q9UBC2	EPS15L1
Q9UBC3	DNMT3B
Q9UBD5	ORC3
Q9UBE0	SAE1
Q9UBF2	COPG2
Q9UBF8	PI4KB
Q9UBG0	MRC2
Q9UBI1	COMMD3
Q9UBI6	GNG12
Q9UBK8	MTRR
Q9UBK9	UXT
Q9UBL3	ASH2L
Q9UBM7	DHCR7
Q9UBN7	HDAC6
Q9UBP0	SPAST
Q9UBP6	METTL1
Q9UBQ0	VPS29
Q9UBQ5	EIF3K
Q9UBQ7	GRHPR
Q9UBR2	CTSZ
Q9UBS4	DNAJB11
Q9UBS8	RNF14
Q9UBT2	UBA2
Q9UBT7	CTNNAL1
Q9UBU6	FAM8A1
Q9UBU8	MORF4L1
Q9UBU9	NXF1
Q9UBV2	SEL1L
Q9UBV7	B4GALT7
Q9UBV8	PEF1
Q9UBW7	ZMYM2
Q9UBW8	COPS7A
Q9UBX1	CTSF
Q9UBX3	SLC25A10
Q9UBZ4	APEX2
Q9UBZ9	REV1
Q9UDR5	AASS
Q9UDW1	UQCR10
Q9UDX5	MTFP1
Q9UDY2	TJP2
Q9UDY4	DNAJB4
Q9UDY8	MALT1
Q9UEE9	CFDP1
Q9UEG4	ZNF629
Q9UER7	DAXX
Q9UET6	FTSJ1
Q9UEU0	VTI1B
Q9UEY8	ADD3
Q9UFC0	LRWD1
Q9UFF9	CNOT8
Q9UFG5	C19orf25
Q9UFH2	DNAH17
Q9UFN0	NIPSNAP3A
Q9UFW8	CGGBP1
Q9UG56	PISD
Q9UG63	ABCF2
Q9UGH3	SLC23A2
Q9UGI8	TES
Q9UGJ1	TUBGCP4
Q9UGL1	KDM5B
Q9UGM3	DMBT1
Q9UGM6	WARS2
Q9UGN5	PARP2
Q9UGP4	LIMD1
Q9UGP8	SEC63
Q9UGR2	ZC3H7B
Q9UGU0	TCF20
Q9UGU5	HMGXB4
Q9UGV2	NDRG3
Q9UH03	SEPT3
Q9UH17	APOBEC3B
Q9UH62	ARMCX3
Q9UH65	SWAP70
Q9UH99	SUN2
Q9UHA3	RSL24D1
Q9UHA4	LAMTOR3
Q9UHB6	LIMA1
Q9UHB7	AFF4
Q9UHB9	SRP68
Q9UHD1	CHORDC1
Q9UHD2	TBK1
Q9UHD8	SEPT9
Q9UHD9	UBQLN2
Q9UHF7	TRPS1
Q9UHG3	PCYOX1
Q9UHI6	DDX20
Q9UHI8	ADAMTS1
Q9UHJ3	SFMBT1
Q9UHJ6	SHPK
Q9UHK0	NUFIP1
Q9UHN1	POLG2
Q9UHN6	TMEM2
Q9UHQ4	BCAP29
Q9UHQ9	CYB5R1
Q9UHR4	BAIAP2L1
Q9UHR5	SAP30BP
Q9UHR6	ZNHIT2
Q9UHV7	MED13
Q9UHV9	PFDN2
Q9UHW9	SLC12A6
Q9UHX1	PUF60
Q9UHY1	NRBP1
Q9UHY7	ENOPH1
Q9UI09	NDUFA12
Q9UI10	EIF2B4
Q9UI12	ATP6V1H
Q9UI14	RABAC1
Q9UI26	IPO11
Q9UI30	TRMT112
Q9UI36	DACH1
Q9UI42	CPA4
Q9UI43	MRM2
Q9UIA9	XPO7
Q9UIC8	LCMT1
Q9UID3	VPS51
Q9UIF9	BAZ2A
Q9UIG0	BAZ1B
Q9UII2	ATPIF1
Q9UII4	HERC5
Q9UIJ7	AK3
Q9UIL1	SCOC
Q9UIQ6	LNPEP
Q9UIS9	MBD1
Q9UIU6	SIX4
Q9UIV1	CNOT7
Q9UIW2	PLXNA1
Q9UJ14	GGT7
Q9UJ41	RABGEF1
Q9UJ70	NAGK
Q9UJ83	HACL1
Q9UJA2	CRLS1
Q9UJA3	MCM8
Q9UJA5	TRMT6
Q9UJC3	HOOK1
Q9UJC5	SH3BGRL2
Q9UJF2	RASAL2
Q9UJG1	MOSPD1
Q9UJK0	TSR3
Q9UJS0	SLC25A13
Q9UJU6	DBNL
Q9UJV9	DDX41
Q9UJW0	DCTN4
Q9UJX2	CDC23
Q9UJX3	ANAPC7
Q9UJX4	ANAPC5
Q9UJX5	ANAPC4
Q9UJX6	ANAPC2
Q9UJY4	GGA2
Q9UJY5	GGA1
Q9UJZ1	STOML2
Q9UK39	NOCT
Q9UK41	VPS28
Q9UK45	LSM7
Q9UK59	DBR1
Q9UK61	FAM208A
Q9UK73	FEM1B
Q9UK97	FBXO9
Q9UK99	FBXO3
Q9UKA2	FBXL4
Q9UKA9	PTBP2
Q9UKB1	FBXW11
Q9UKD2	MRTO4
Q9UKE5	TNIK
Q9UKF6	CPSF3
Q9UKG1	APPL1
Q9UKG9	CROT
Q9UKI8	TLK1
Q9UKJ3	GPATCH8
Q9UKK3	PARP4
Q9UKK9	NUDT5
Q9UKL0	RCOR1
Q9UKL3	CASP8AP2
Q9UKL6	PCTP
Q9UKM7	MAN1B1
Q9UKM9	RALY
Q9UKN7	MYO15A
Q9UKN8	GTF3C4
Q9UKR5	ERG28
Q9UKS6	PACSIN3
Q9UKU0	ACSL6
Q9UKU7	ACAD8
Q9UKV3	ACIN1
Q9UKV5	AMFR
Q9UKV8	AGO2
Q9UKX7	NUP50
Q9UKY7	CDV3
Q9UKZ1	CNOT11
Q9UL01	DSE
Q9UL03	INTS6
Q9UL15	BAG5
Q9UL18	AGO1
Q9UL25	RAB21
Q9UL26	RAB22A
Q9UL33	TRAPPC2L
Q9UL40	ZNF346
Q9UL42	PNMA2
Q9UL46	PSME2
Q9UL54	TAOK2
Q9UL63	MKLN1
Q9ULA0	DNPEP
Q9ULC3	RAB23
Q9ULC4	MCTS1
Q9ULD0	OGDHL
Q9ULD4	BRPF3
Q9ULE6	PALD1
Q9ULF5	SLC39A10
Q9ULG1	INO80
Q9ULH0	KIDINS220
Q9ULH1	ASAP1
Q9ULH7	MKL2
Q9ULI0	ATAD2B
Q9ULI1	NWD2
Q9ULJ7	ANKRD50
Q9ULJ8	PPP1R9A
Q9ULK4	MED23
Q9ULK5	VANGL2
Q9ULL5	PRR12
Q9ULM3	YEATS2
Q9ULM6	CNOT6
Q9ULP9	TBC1D24
Q9ULR0	ISY1
Q9ULS5	TMCC3
Q9ULT8	HECTD1
Q9ULU4	ZMYND8
Q9ULU8	CADPS
Q9ULV3	CIZ1
Q9ULV4	CORO1C
Q9ULW0	TPX2
Q9ULW3	ABT1
Q9ULX3	NOB1
Q9ULX6	AKAP8L
Q9UM00	TMCO1
Q9UM13	ANAPC10
Q9UM19	HPCAL4
Q9UM22	EPDR1
Q9UM54	MYO6
Q9UMN6	KMT2B
Q9UMR2	DDX19B
Q9UMR5	PPT2
Q9UMS0	NFU1
Q9UMS4	PRPF19
Q9UMX0	UBQLN1
Q9UMX1	SUFU
Q9UMX5	NENF
Q9UMY1	NOL7
Q9UMY4	SNX12
Q9UMZ2	SYNRG
Q9UN36	NDRG2
Q9UN37	VPS4A
Q9UN81	L1RE1
Q9UN86	G3BP2
Q9UNA1	ARHGAP26
Q9UNE7	STUB1
Q9UNF0	PACSIN2
Q9UNF1	MAGED2
Q9UNH7	SNX6
Q9UNI6	DUSP12
Q9UNK0	STX8
Q9UNK9	ANGEL1
Q9UNL2	SSR3
Q9UNM6	PSMD13
Q9UNN5	FAF1
Q9UNN8	PROCR
Q9UNP9	PPIE
Q9UNQ2	DIMT1
Q9UNS1	TIMELESS
Q9UNS2	COPS3
Q9UNW1	MINPP1
Q9UNW9	NOVA2
Q9UNX3	RPL26L1
Q9UNX4	WDR3
Q9UNY4	TTF2
Q9UNZ2	NSFL1C
Q9UNZ5	C19orf53
Q9UP83	COG5
Q9UP95	SLC12A4
Q9UPM8	AP4E1
Q9UPM9	B9D1
Q9UPN3	MACF1
Q9UPN4	CEP131
Q9UPN6	SCAF8
Q9UPN7	PPP6R1
Q9UPN9	TRIM33
Q9UPP1	PHF8
Q9UPQ3	AGAP1
Q9UPQ4	TRIM35
Q9UPQ8	DOLK
Q9UPQ9	TNRC6B
Q9UPR0	PLCL2
Q9UPR3	SMG5
Q9UPT5	EXOC7
Q9UPT8	ZC3H4
Q9UPT9	USP22
Q9UPU5	USP24
Q9UPU7	TBC1D2B
Q9UPV0	CEP164
Q9UPW5	AGTPBP1
Q9UPW6	SATB2
Q9UPY3	DICER1
Q9UPY5	SLC7A11
Q9UPY8	MAPRE3
Q9UPZ3	HPS5
Q9UQ13	SHOC2
Q9UQ16	DNM3
Q9UQ35	SRRM2
Q9UQ80	PA2G4
Q9UQ84	EXO1
Q9UQB8	BAIAP2
Q9UQE7	SMC3
Q9UQN3	CHMP2B
Q9UQR0	SCML2
Q9UQR1	ZNF148
Q9Y217	MTMR6
Q9Y221	NIP7
Q9Y223	GNE
Q9Y224	RTRAF
Q9Y230	RUVBL2
Q9Y232	CDYL
Q9Y237	PIN4
Q9Y241	HIGD1A
Q9Y243	AKT3
Q9Y244	POMP
Q9Y248	GINS2
Q9Y251	HPSE
Q9Y255	PRELID1
Q9Y262	EIF3L
Q9Y263	PLAA
Q9Y265	RUVBL1
Q9Y266	NUDC
Q9Y274	ST3GAL6
Q9Y276	BCS1L
Q9Y277	VDAC3
Q9Y281	CFL2
Q9Y282	ERGIC3
Q9Y285	FARSA
Q9Y287	ITM2B
Q9Y289	SLC5A6
Q9Y291	MRPS33
Q9Y294	ASF1A
Q9Y295	DRG1
Q9Y296	TRAPPC4
Q9Y297	BTRC
Q9Y2A7	NCKAP1
Q9Y2B0	CNPY2
Q9Y2B2	PIGL
Q9Y2C2	UST
Q9Y2C4	EXOG
Q9Y2D2	SLC35A3
Q9Y2D4	EXOC6B
Q9Y2D5	AKAP2
Q9Y2E5	MAN2B2
Q9Y2F5	ICE1
Q9Y2G5	POFUT2
Q9Y2G8	DNAJC16
Q9Y2H0	DLGAP4
Q9Y2H6	FNDC3A
Q9Y2I1	NISCH
Q9Y2I7	PIKFYVE
Q9Y2I8	WDR37
Q9Y2J2	EPB41L3
Q9Y2K7	KDM2A
Q9Y2L1	DIS3
Q9Y2L5	TRAPPC8
Q9Y2P8	RCL1
Q9Y2Q3	GSTK1
Q9Y2Q5	LAMTOR2
Q9Y2Q9	MRPS28
Q9Y2R0	COA3
Q9Y2R4	DDX52
Q9Y2R5	MRPS17
Q9Y2R9	MRPS7
Q9Y2S6	TMA7
Q9Y2S7	POLDIP2
Q9Y2T2	AP3M1
Q9Y2U8	LEMD3
Q9Y2V2	CARHSP1
Q9Y2V7	COG6
Q9Y2W1	THRAP3
Q9Y2W2	WBP11
Q9Y2W6	TDRKH
Q9Y2X0	MED16
Q9Y2X3	NOP58
Q9Y2X7	GIT1
Q9Y2X9	ZNF281
Q9Y2Y6	TMEM98
Q9Y2Z0	SUGT1
Q9Y2Z2	MTO1
Q9Y2Z4	YARS2
Q9Y2Z9	COQ6
Q9Y305	ACOT9
Q9Y312	AAR2
Q9Y314	NOSIP
Q9Y315	DERA
Q9Y316	MEMO1
Q9Y320	TMX2
Q9Y333	LSM2
Q9Y366	IFT52
Q9Y371	SH3GLB1
Q9Y375	NDUFAF1
Q9Y376	CAB39
Q9Y383	LUC7L2
Q9Y385	UBE2J1
Q9Y388	RBMX2
Q9Y394	DHRS7
Q9Y399	MRPS2
Q9Y3A2	UTP11
Q9Y3A3	MOB4
Q9Y3A4	RRP7A
Q9Y3A5	SBDS
Q9Y3A6	TMED5
Q9Y3B1	PRELID3B
Q9Y3B2	EXOSC1
Q9Y3B3	TMED7
Q9Y3B4	SF3B6
Q9Y3B7	MRPL11
Q9Y3B8	REXO2
Q9Y3B9	RRP15
Q9Y3C0	WASHC3
Q9Y3C1	NOP16
Q9Y3C4	TPRKB
Q9Y3C6	PPIL1
Q9Y3C7	MED31
Q9Y3C8	UFC1
Q9Y3D0	FAM96B
Q9Y3D3	MRPS16
Q9Y3D5	MRPS18C
Q9Y3D6	FIS1
Q9Y3D7	PAM16
Q9Y3D8	AK6
Q9Y3D9	MRPS23
Q9Y3E0	GOLT1B
Q9Y3E1	HDGFL3
Q9Y3E5	PTRH2
Q9Y3E7	CHMP3
Q9Y3F4	STRAP
Q9Y3I0	RTCB
Q9Y3I1	FBXO7
Q9Y3L3	SH3BP1
Q9Y3L5	RAP2C
Q9Y3P9	RABGAP1
Q9Y3Q3	TMED3
Q9Y3S1	WNK2
Q9Y3T6	R3HCC1
Q9Y3T9	NOC2L
Q9Y3U8	RPL36
Q9Y3Y2	CHTOP
Q9Y3Z3	SAMHD1
Q9Y426	C2CD2
Q9Y448	KNSTRN
Q9Y450	HBS1L
Q9Y467	SALL2
Q9Y478	PRKAB1
Q9Y483	MTF2
Q9Y484	WDR45
Q9Y485	DMXL1
Q9Y487	ATP6V0A2
Q9Y490	TLN1
Q9Y496	KIF3A
Q9Y4A5	TRRAP
Q9Y4B4	RAD54L2
Q9Y4B6	DCAF1
Q9Y4C1	KDM3A
Q9Y4C2	TCAF1
Q9Y4C8	RBM19
Q9Y4E1	WASHC2C
Q9Y4E5	ZNF451
Q9Y4E6	WDR7
Q9Y4E8	USP15
Q9Y4F1	FARP1
Q9Y4G6	TLN2
Q9Y4G8	RAPGEF2
Q9Y4I1	MYO5A
Q9Y4J8	DTNA
Q9Y4K4	MAP4K5
Q9Y4L1	HYOU1
Q9Y4P1	ATG4B
Q9Y4P3	TBL2
Q9Y4P8	WIPI2
Q9Y4R8	TELO2
Q9Y4U1	MMACHC
Q9Y4W2	LAS1L
Q9Y4W6	AFG3L2
Q9Y4X0	AMMECR1
Q9Y4X5	ARIH1
Q9Y4Y9	LSM5
Q9Y4Z0	LSM4
Q9Y508	RNF114
Q9Y512	SAMM50
Q9Y520	PRRC2C
Q9Y530	OARD1
Q9Y547	HSPB11
Q9Y548	YIPF1
Q9Y570	PPME1
Q9Y580	RBM7
Q9Y584	TIMM22
Q9Y597	KCTD3
Q9Y5A7	NUB1
Q9Y5A9	YTHDF2
Q9Y5B0	CTDP1
Q9Y5B6	PAXBP1
Q9Y5B8	NME7
Q9Y5B9	SUPT16H
Q9Y5J1	UTP18
Q9Y5J6	TIMM10B
Q9Y5J7	TIMM9
Q9Y5J9	TIMM8B
Q9Y5K5	UCHL5
Q9Y5K6	CD2AP
Q9Y5K8	ATP6V1D
Q9Y5L0	TNPO3
Q9Y5L4	TIMM13
Q9Y5M8	SRPRB
Q9Y5N5	N6AMT1
Q9Y5N6	ORC6
Q9Y5P4	COL4A3BP
Q9Y5P6	GMPPB
Q9Y5Q8	GTF3C5
Q9Y5Q9	GTF3C3
Q9Y5R8	TRAPPC1
Q9Y5S2	CDC42BPB
Q9Y5S9	RBM8A
Q9Y5T5	USP16
Q9Y5U2	TSSC4
Q9Y5U8	MPC1
Q9Y5U9	IER3IP1
Q9Y5V3	MAGED1
Q9Y5W7	SNX14
Q9Y5X1	SNX9
Q9Y5X2	SNX8
Q9Y5X3	SNX5
Q9Y5Y0	FLVCR1
Q9Y5Y2	NUBP2
Q9Y5Y5	PEX16
Q9Y5Z4	HEBP2
Q9Y5Z9	UBIAD1
Q9Y605	MRFAP1
Q9Y606	PUS1
Q9Y608	LRRFIP2
Q9Y613	FHOD1
Q9Y617	PSAT1
Q9Y619	SLC25A15
Q9Y620	RAD54B
Q9Y624	F11R
Q9Y625	GPC6
Q9Y639	NPTN
Q9Y657	SPIN1
Q9Y664	KPTN
Q9Y666	SLC12A7
Q9Y672	ALG6
Q9Y673	ALG5
Q9Y676	MRPS18B
Q9Y678	COPG1
Q9Y679	AUP1
Q9Y680	FKBP7
Q9Y689	ARL5A
Q9Y696	CLIC4
Q9Y697	NFS1
Q9Y6A4	CFAP20
Q9Y6A5	TACC3
Q9Y6B6	SAR1B
Q9Y6B7	AP4B1
Q9Y6C9	MTCH2
Q9Y6D5	ARFGEF2
Q9Y6D6	ARFGEF1
Q9Y6D9	MAD1L1
Q9Y6E0	STK24
Q9Y6E2	BZW2
Q9Y6G3	MRPL42
Q9Y6G5	COMMD10
Q9Y6G9	DYNC1LI1
Q9Y6I3	EPN1
Q9Y6I8	PXMP4
Q9Y6I9	TEX264
Q9Y6J0	CABIN1
Q9Y6J9	TAF6L
Q9Y6K0	CEPT1
Q9Y6K1	DNMT3A
Q9Y6K5	OAS3
Q9Y6K9	IKBKG
Q9Y6M1	IGF2BP2
Q9Y6M4	CSNK1G3
Q9Y6M7	SLC4A7
Q9Y6M9	NDUFB9
Q9Y6N1	COX11
Q9Y6N5	SQOR
Q9Y6N7	ROBO1
Q9Y6R0	NUMBL
Q9Y6R4	MAP3K4
Q9Y6V7	DDX49
Q9Y6W3	CAPN7
Q9Y6W5	WASF2
Q9Y6X2	PIAS3
Q9Y6X3	MAU2
Q9Y6X5	ENPP4
Q9Y6X9	MORC2
Q9Y6Y8	SEC23IP
